<DATE>	<TIME>	<OPEN>	<HIGH>	<LOW>	<CLOSE>	<TICKVOL>	<VOL>	<SPREAD>
2026.07.22	01:00:00	4076.59	4080.53	4076.55	4079.33	89	0	115
2026.07.22	01:01:00	4079.46	4079.46	4078.23	4078.71	84	0	109
2026.07.22	01:02:00	4078.73	4079.41	4078.73	4078.99	65	0	84
2026.07.22	01:03:00	4078.99	4079.09	4078.12	4078.69	52	0	54
2026.07.22	01:04:00	4078.69	4078.99	4078.12	4078.29	26	0	79
2026.07.22	01:05:00	4078.63	4079.71	4078.58	4078.87	93	0	15
2026.07.22	01:06:00	4078.91	4078.98	4077.77	4078.48	94	0	22
2026.07.22	01:07:00	4078.48	4078.52	4077.59	4077.64	68	0	29
2026.07.22	01:08:00	4077.64	4078.30	4076.91	4078.12	100	0	18
2026.07.22	01:09:00	4078.16	4078.91	4077.69	4077.89	128	0	20
2026.07.22	01:10:00	4077.95	4078.16	4077.60	4077.83	36	0	15
2026.07.22	01:11:00	4077.83	4078.88	4077.41	4078.88	81	0	23
2026.07.22	01:12:00	4078.85	4078.89	4078.43	4078.46	64	0	18
2026.07.22	01:13:00	4078.49	4078.78	4077.63	4077.88	108	0	27
2026.07.22	01:14:00	4077.91	4079.30	4077.87	4078.99	86	0	20
2026.07.22	01:15:00	4078.91	4080.35	4078.20	4079.91	166	0	27
2026.07.22	01:16:00	4079.76	4080.23	4079.29	4079.79	169	0	36
2026.07.22	01:17:00	4079.75	4080.84	4079.54	4080.34	131	0	21
2026.07.22	01:18:00	4080.34	4080.56	4079.64	4080.43	80	0	28
2026.07.22	01:19:00	4080.45	4080.68	4079.72	4080.10	66	0	24
2026.07.22	01:20:00	4080.17	4081.05	4080.17	4081.00	91	0	20
2026.07.22	01:21:00	4081.03	4082.17	4080.97	4081.97	124	0	8
2026.07.22	01:22:00	4081.94	4082.02	4081.31	4081.46	109	0	30
2026.07.22	01:23:00	4081.46	4081.81	4081.46	4081.79	68	0	31
2026.07.22	01:24:00	4081.71	4081.71	4080.54	4080.62	98	0	20
2026.07.22	01:25:00	4080.65	4081.62	4080.54	4081.57	91	0	26
2026.07.22	01:26:00	4081.60	4082.19	4081.47	4081.94	127	0	9
2026.07.22	01:27:00	4081.89	4082.37	4081.83	4081.84	92	0	27
2026.07.22	01:28:00	4081.84	4082.90	4081.51	4082.06	156	0	8
2026.07.22	01:29:00	4082.06	4083.02	4081.95	4082.85	141	0	8
2026.07.22	01:30:00	4082.85	4084.43	4082.51	4083.53	194	0	8
2026.07.22	01:31:00	4083.45	4085.04	4083.34	4083.86	156	0	8
2026.07.22	01:32:00	4083.60	4084.57	4082.94	4083.88	136	0	9
2026.07.22	01:33:00	4083.88	4084.57	4083.82	4084.32	59	0	27
2026.07.22	01:34:00	4084.32	4084.45	4083.28	4083.78	96	0	26
2026.07.22	01:35:00	4083.78	4084.03	4082.70	4083.00	118	0	17
2026.07.22	01:36:00	4082.97	4084.08	4082.91	4083.99	91	0	35
2026.07.22	01:37:00	4083.96	4084.41	4083.50	4084.35	103	0	25
2026.07.22	01:38:00	4084.34	4084.98	4084.31	4084.71	103	0	37
2026.07.22	01:39:00	4084.71	4084.83	4083.90	4084.41	82	0	34
2026.07.22	01:40:00	4084.38	4084.74	4084.02	4084.41	110	0	23
2026.07.22	01:41:00	4084.41	4084.41	4083.92	4084.23	61	0	28
2026.07.22	01:42:00	4084.20	4084.99	4084.13	4084.85	68	0	17
2026.07.22	01:43:00	4084.83	4084.84	4084.06	4084.24	62	0	25
2026.07.22	01:44:00	4084.28	4084.38	4083.83	4083.95	81	0	12
2026.07.22	01:45:00	4083.90	4084.35	4082.87	4083.28	130	0	28
2026.07.22	01:46:00	4083.31	4083.75	4082.77	4082.89	107	0	20
2026.07.22	01:47:00	4082.89	4082.97	4081.65	4082.48	184	0	21
2026.07.22	01:48:00	4082.46	4082.68	4081.74	4082.14	195	0	13
2026.07.22	01:49:00	4082.17	4082.30	4081.05	4081.07	88	0	20
2026.07.22	01:50:00	4081.16	4082.04	4080.67	4080.67	119	0	14
2026.07.22	01:51:00	4080.96	4081.00	4079.95	4080.40	159	0	24
2026.07.22	01:52:00	4080.35	4080.41	4079.07	4079.13	182	0	9
2026.07.22	01:53:00	4079.11	4079.50	4078.16	4079.50	143	0	14
2026.07.22	01:54:00	4079.53	4080.03	4078.50	4079.66	173	0	10
2026.07.22	01:55:00	4079.65	4080.93	4079.57	4080.70	105	0	33
2026.07.22	01:56:00	4080.68	4081.11	4080.53	4080.91	67	0	14
2026.07.22	01:57:00	4080.91	4080.93	4080.11	4080.37	74	0	32
2026.07.22	01:58:00	4080.38	4081.27	4080.33	4080.40	98	0	27
2026.07.22	01:59:00	4080.44	4081.04	4080.38	4080.40	78	0	18
2026.07.22	02:00:00	4080.40	4080.98	4079.45	4079.83	159	0	10
2026.07.22	02:01:00	4079.83	4080.51	4079.53	4080.45	109	0	32
2026.07.22	02:02:00	4080.47	4081.32	4079.96	4080.16	121	0	27
2026.07.22	02:03:00	4080.18	4081.15	4080.10	4081.11	69	0	28
2026.07.22	02:04:00	4081.11	4081.28	4080.28	4080.44	132	0	28
2026.07.22	02:05:00	4080.44	4081.39	4080.29	4081.35	71	0	28
2026.07.22	02:06:00	4081.39	4081.83	4080.00	4080.81	128	0	27
2026.07.22	02:07:00	4080.85	4081.02	4080.44	4080.55	85	0	27
2026.07.22	02:08:00	4080.59	4081.25	4080.59	4080.81	62	0	28
2026.07.22	02:09:00	4080.81	4081.22	4080.76	4081.10	57	0	31
2026.07.22	02:10:00	4081.10	4081.28	4080.55	4080.91	71	0	21
2026.07.22	02:11:00	4080.89	4081.00	4080.24	4081.00	69	0	10
2026.07.22	02:12:00	4081.03	4081.66	4080.99	4081.49	86	0	30
2026.07.22	02:13:00	4081.55	4081.92	4081.09	4081.23	77	0	28
2026.07.22	02:14:00	4081.25	4081.36	4081.18	4081.26	53	0	34
2026.07.22	02:15:00	4081.26	4081.98	4080.81	4081.18	90	0	17
2026.07.22	02:16:00	4081.18	4081.55	4081.18	4081.45	57	0	30
2026.07.22	02:17:00	4081.41	4081.48	4081.35	4081.46	29	0	28
2026.07.22	02:18:00	4081.46	4082.37	4081.37	4082.24	67	0	29
2026.07.22	02:19:00	4082.21	4082.48	4081.89	4082.34	79	0	30
2026.07.22	02:20:00	4082.24	4082.35	4081.62	4081.66	52	0	30
2026.07.22	02:21:00	4081.45	4081.62	4081.41	4081.43	37	0	30
2026.07.22	02:22:00	4081.45	4081.53	4081.09	4081.53	43	0	26
2026.07.22	02:23:00	4081.55	4082.22	4081.51	4082.12	63	0	29
2026.07.22	02:24:00	4082.12	4082.30	4082.05	4082.12	47	0	30
2026.07.22	02:25:00	4082.10	4082.27	4081.70	4081.76	49	0	28
2026.07.22	02:26:00	4081.74	4081.97	4081.44	4081.94	62	0	29
2026.07.22	02:27:00	4081.96	4082.47	4081.50	4081.71	78	0	27
2026.07.22	02:28:00	4081.71	4082.06	4081.71	4081.98	72	0	25
2026.07.22	02:29:00	4081.98	4082.13	4080.95	4081.12	93	0	22
2026.07.22	02:30:00	4081.13	4081.31	4080.53	4080.79	105	0	8
2026.07.22	02:31:00	4080.83	4081.45	4080.82	4081.41	56	0	8
2026.07.22	02:32:00	4081.41	4081.68	4081.20	4081.32	56	0	24
2026.07.22	02:33:00	4081.30	4081.37	4080.99	4081.01	31	0	15
2026.07.22	02:34:00	4081.01	4081.01	4080.49	4080.62	50	0	16
2026.07.22	02:35:00	4080.55	4080.69	4080.42	4080.48	51	0	23
2026.07.22	02:36:00	4080.51	4081.53	4080.51	4081.36	66	0	7
2026.07.22	02:37:00	4081.36	4081.38	4080.88	4081.27	46	0	23
2026.07.22	02:38:00	4081.29	4081.83	4081.29	4081.76	71	0	23
2026.07.22	02:39:00	4081.73	4082.05	4081.63	4081.91	87	0	18
2026.07.22	02:40:00	4081.92	4082.34	4081.57	4081.85	126	0	12
2026.07.22	02:41:00	4081.85	4081.98	4080.94	4081.00	86	0	29
2026.07.22	02:42:00	4081.00	4081.00	4079.81	4079.96	106	0	18
2026.07.22	02:43:00	4080.00	4080.22	4079.44	4079.75	107	0	25
2026.07.22	02:44:00	4079.75	4080.42	4079.16	4080.41	106	0	19
2026.07.22	02:45:00	4080.40	4082.71	4079.53	4082.50	227	0	9
2026.07.22	02:46:00	4082.50	4083.03	4079.33	4080.13	178	0	15
2026.07.22	02:47:00	4080.13	4081.47	4080.13	4081.42	93	0	28
2026.07.22	02:48:00	4081.40	4081.46	4080.61	4080.70	76	0	28
2026.07.22	02:49:00	4080.75	4081.05	4080.72	4080.76	61	0	21
2026.07.22	02:50:00	4080.76	4081.17	4080.17	4080.90	43	0	43
2026.07.22	02:51:00	4080.85	4081.07	4080.13	4080.13	32	0	44
2026.07.22	02:52:00	4080.13	4081.02	4080.13	4080.49	62	0	40
2026.07.22	02:53:00	4080.51	4080.63	4080.17	4080.63	59	0	43
2026.07.22	02:54:00	4080.63	4080.66	4080.06	4080.35	81	0	34
2026.07.22	02:55:00	4080.36	4081.04	4080.31	4080.56	189	0	30
2026.07.22	02:56:00	4080.56	4080.65	4080.13	4080.25	93	0	24
2026.07.22	02:57:00	4080.25	4080.63	4079.19	4079.67	209	0	13
2026.07.22	02:58:00	4079.72	4080.37	4079.68	4080.34	163	0	24
2026.07.22	02:59:00	4080.36	4080.88	4080.28	4080.56	141	0	23
2026.07.22	03:00:00	4080.55	4081.87	4076.62	4077.05	645	0	10
2026.07.22	03:01:00	4077.05	4077.92	4076.63	4077.92	376	0	11
2026.07.22	03:02:00	4077.89	4079.75	4077.49	4079.64	373	0	10
2026.07.22	03:03:00	4079.64	4080.49	4078.96	4079.92	406	0	8
2026.07.22	03:04:00	4079.96	4082.80	4079.75	4082.70	375	0	21
2026.07.22	03:05:00	4082.72	4083.53	4081.33	4081.84	366	0	10
2026.07.22	03:06:00	4081.83	4086.19	4081.72	4085.93	419	0	11
2026.07.22	03:07:00	4085.93	4090.08	4085.29	4088.70	422	0	9
2026.07.22	03:08:00	4088.70	4089.00	4086.58	4087.08	430	0	13
2026.07.22	03:09:00	4087.08	4089.13	4086.11	4088.10	404	0	8
2026.07.22	03:10:00	4088.03	4090.52	4087.49	4089.04	365	0	9
2026.07.22	03:11:00	4089.02	4090.81	4088.73	4090.71	301	0	21
2026.07.22	03:12:00	4090.68	4092.13	4090.02	4091.60	375	0	22
2026.07.22	03:13:00	4091.60	4092.34	4090.54	4091.68	333	0	20
2026.07.22	03:14:00	4091.65	4092.72	4091.19	4092.17	392	0	9
2026.07.22	03:15:00	4092.16	4093.58	4092.16	4093.06	442	0	8
2026.07.22	03:16:00	4093.06	4094.46	4092.76	4094.35	484	0	23
2026.07.22	03:17:00	4094.35	4098.02	4094.31	4096.53	538	0	8
2026.07.22	03:18:00	4096.53	4096.78	4094.22	4094.73	372	0	22
2026.07.22	03:19:00	4094.73	4095.71	4094.67	4095.45	231	0	7
2026.07.22	03:20:00	4095.45	4097.20	4095.36	4097.03	308	0	11
2026.07.22	03:21:00	4097.03	4097.52	4094.97	4094.98	375	0	11
2026.07.22	03:22:00	4094.89	4096.19	4092.67	4094.75	325	0	8
2026.07.22	03:23:00	4094.74	4097.65	4094.41	4096.93	400	0	17
2026.07.22	03:24:00	4096.90	4097.52	4096.62	4097.11	392	0	13
2026.07.22	03:25:00	4097.14	4098.00	4096.69	4097.17	447	0	14
2026.07.22	03:26:00	4097.17	4098.69	4097.03	4097.65	470	0	15
2026.07.22	03:27:00	4097.65	4097.78	4096.75	4097.45	371	0	8
2026.07.22	03:28:00	4097.54	4098.56	4097.14	4097.37	367	0	7
2026.07.22	03:29:00	4097.37	4098.23	4096.65	4098.05	319	0	17
2026.07.22	03:30:00	4098.08	4102.36	4096.70	4096.92	433	0	8
2026.07.22	03:31:00	4097.04	4097.21	4092.19	4095.10	577	0	14
2026.07.22	03:32:00	4095.09	4095.10	4091.63	4092.07	233	0	15
2026.07.22	03:33:00	4091.94	4093.31	4090.89	4091.05	334	0	11
2026.07.22	03:34:00	4091.05	4091.89	4090.18	4091.41	368	0	24
2026.07.22	03:35:00	4091.39	4091.70	4089.62	4091.65	215	0	14
2026.07.22	03:36:00	4091.61	4093.20	4091.38	4092.83	239	0	19
2026.07.22	03:37:00	4092.83	4095.58	4092.63	4093.91	345	0	8
2026.07.22	03:38:00	4093.91	4097.15	4093.76	4096.60	380	0	8
2026.07.22	03:39:00	4096.60	4096.71	4094.63	4094.74	454	0	24
2026.07.22	03:40:00	4094.74	4094.81	4092.50	4094.08	296	0	9
2026.07.22	03:41:00	4093.96	4094.65	4093.35	4094.02	266	0	26
2026.07.22	03:42:00	4094.02	4095.13	4093.75	4094.58	272	0	24
2026.07.22	03:43:00	4094.58	4094.94	4091.89	4092.21	304	0	15
2026.07.22	03:44:00	4092.05	4093.49	4091.63	4092.75	328	0	13
2026.07.22	03:45:00	4092.75	4093.65	4092.61	4092.74	439	0	17
2026.07.22	03:46:00	4092.74	4093.23	4091.44	4092.66	503	0	18
2026.07.22	03:47:00	4092.98	4093.87	4092.28	4093.87	322	0	17
2026.07.22	03:48:00	4093.87	4097.07	4093.71	4096.56	431	0	8
2026.07.22	03:49:00	4096.56	4099.35	4095.89	4096.43	344	0	8
2026.07.22	03:50:00	4096.42	4097.25	4094.51	4094.98	265	0	27
2026.07.22	03:51:00	4094.98	4095.94	4094.42	4095.28	259	0	21
2026.07.22	03:52:00	4095.28	4095.67	4093.75	4093.99	330	0	24
2026.07.22	03:53:00	4093.99	4094.77	4093.67	4094.48	323	0	20
2026.07.22	03:54:00	4094.44	4094.44	4093.40	4094.00	389	0	25
2026.07.22	03:55:00	4094.00	4094.57	4093.31	4094.55	321	0	12
2026.07.22	03:56:00	4094.55	4094.99	4093.74	4093.78	370	0	27
2026.07.22	03:57:00	4093.75	4095.12	4093.10	4095.10	414	0	17
2026.07.22	03:58:00	4095.07	4096.77	4094.34	4096.55	460	0	11
2026.07.22	03:59:00	4096.55	4097.53	4096.33	4097.42	422	0	24
2026.07.22	04:00:00	4097.44	4109.06	4096.72	4107.64	880	0	7
2026.07.22	04:01:00	4107.45	4108.58	4105.07	4105.10	611	0	9
2026.07.22	04:02:00	4105.10	4107.14	4103.21	4105.85	491	0	8
2026.07.22	04:03:00	4105.90	4108.49	4103.87	4107.93	534	0	10
2026.07.22	04:04:00	4107.93	4113.38	4106.89	4110.51	688	0	9
2026.07.22	04:05:00	4110.58	4113.70	4109.96	4113.15	586	0	10
2026.07.22	04:06:00	4113.15	4115.60	4112.95	4114.99	671	0	8
2026.07.22	04:07:00	4114.99	4115.86	4114.07	4114.46	524	0	8
2026.07.22	04:08:00	4114.46	4117.39	4114.26	4115.68	652	0	7
2026.07.22	04:09:00	4115.74	4116.34	4112.77	4115.89	605	0	9
2026.07.22	04:10:00	4115.86	4117.90	4115.40	4115.82	570	0	8
2026.07.22	04:11:00	4115.82	4116.19	4113.50	4113.94	490	0	8
2026.07.22	04:12:00	4113.94	4118.11	4113.77	4117.38	569	0	15
2026.07.22	04:13:00	4117.34	4118.28	4116.47	4117.01	505	0	9
2026.07.22	04:14:00	4117.12	4121.46	4116.98	4121.24	707	0	13
2026.07.22	04:15:00	4121.19	4121.62	4116.95	4117.78	522	0	14
2026.07.22	04:16:00	4117.78	4118.82	4115.27	4115.57	572	0	9
2026.07.22	04:17:00	4115.57	4115.91	4112.87	4113.41	499	0	7
2026.07.22	04:18:00	4113.41	4113.51	4111.94	4112.73	368	0	8
2026.07.22	04:19:00	4112.72	4114.17	4112.00	4112.81	478	0	17
2026.07.22	04:20:00	4112.75	4115.46	4112.48	4115.45	688	0	20
2026.07.22	04:21:00	4115.26	4115.83	4114.55	4114.96	627	0	8
2026.07.22	04:22:00	4114.77	4115.13	4112.84	4113.93	481	0	12
2026.07.22	04:23:00	4113.90	4114.42	4111.72	4112.23	520	0	12
2026.07.22	04:24:00	4112.31	4113.13	4111.69	4112.44	503	0	10
2026.07.22	04:25:00	4112.42	4114.37	4112.15	4114.15	552	0	13
2026.07.22	04:26:00	4114.16	4115.12	4113.37	4115.06	636	0	15
2026.07.22	04:27:00	4115.05	4116.14	4114.29	4115.87	555	0	17
2026.07.22	04:28:00	4115.85	4116.70	4114.96	4115.83	509	0	11
2026.07.22	04:29:00	4115.83	4116.62	4115.41	4115.52	437	0	15
2026.07.22	04:30:00	4115.54	4115.62	4113.83	4114.78	643	0	10
2026.07.22	04:31:00	4114.80	4115.59	4112.95	4113.87	548	0	10
2026.07.22	04:32:00	4113.90	4114.38	4112.86	4114.19	487	0	8
2026.07.22	04:33:00	4114.19	4115.99	4113.88	4115.25	619	0	13
2026.07.22	04:34:00	4115.23	4117.18	4114.67	4116.68	568	0	15
2026.07.22	04:35:00	4116.69	4118.56	4115.74	4117.50	620	0	12
2026.07.22	04:36:00	4117.49	4118.12	4115.61	4115.61	493	0	20
2026.07.22	04:37:00	4115.60	4117.65	4115.60	4116.50	514	0	12
2026.07.22	04:38:00	4116.50	4117.63	4114.72	4117.55	564	0	8
2026.07.22	04:39:00	4117.55	4121.40	4117.36	4119.54	570	0	11
2026.07.22	04:40:00	4119.57	4119.96	4118.43	4118.83	447	0	16
2026.07.22	04:41:00	4118.83	4119.42	4118.06	4119.15	540	0	15
2026.07.22	04:42:00	4119.15	4122.13	4119.13	4121.73	597	0	13
2026.07.22	04:43:00	4121.75	4122.89	4121.17	4122.08	558	0	9
2026.07.22	04:44:00	4122.03	4122.45	4121.11	4121.67	503	0	8
2026.07.22	04:45:00	4121.67	4123.64	4121.56	4122.36	388	0	8
2026.07.22	04:46:00	4122.36	4123.70	4122.26	4122.59	309	0	7
2026.07.22	04:47:00	4122.60	4123.62	4121.98	4123.62	341	0	8
2026.07.22	04:48:00	4123.64	4123.64	4121.49	4121.53	497	0	8
2026.07.22	04:49:00	4121.54	4121.62	4118.65	4119.78	582	0	16
2026.07.22	04:50:00	4119.77	4119.97	4118.29	4118.82	589	0	14
2026.07.22	04:51:00	4118.94	4119.84	4118.28	4119.54	458	0	19
2026.07.22	04:52:00	4119.55	4120.62	4118.63	4120.62	492	0	23
2026.07.22	04:53:00	4120.62	4121.16	4118.64	4119.00	476	0	7
2026.07.22	04:54:00	4119.00	4120.83	4119.00	4119.42	498	0	23
2026.07.22	04:55:00	4119.46	4119.59	4117.36	4117.36	509	0	11
2026.07.22	04:56:00	4117.49	4119.67	4117.26	4119.62	500	0	13
2026.07.22	04:57:00	4119.52	4120.92	4118.93	4120.79	367	0	8
2026.07.22	04:58:00	4120.79	4122.96	4120.50	4120.65	364	0	11
2026.07.22	04:59:00	4120.65	4122.15	4120.62	4122.10	387	0	16
2026.07.22	05:00:00	4122.10	4122.70	4120.91	4121.54	608	0	13
2026.07.22	05:01:00	4121.57	4122.60	4120.92	4121.71	519	0	13
2026.07.22	05:02:00	4121.67	4122.64	4121.35	4121.82	505	0	17
2026.07.22	05:03:00	4121.84	4122.11	4119.51	4119.54	361	0	11
2026.07.22	05:04:00	4119.53	4122.40	4119.42	4121.79	319	0	12
2026.07.22	05:05:00	4121.79	4122.12	4119.22	4119.67	477	0	8
2026.07.22	05:06:00	4119.58	4120.69	4119.54	4119.79	432	0	22
2026.07.22	05:07:00	4119.81	4120.83	4118.74	4120.56	372	0	10
2026.07.22	05:08:00	4120.56	4121.46	4119.90	4120.02	412	0	13
2026.07.22	05:09:00	4120.01	4121.53	4119.55	4121.51	418	0	9
2026.07.22	05:10:00	4121.51	4123.43	4120.87	4122.10	372	0	8
2026.07.22	05:11:00	4122.09	4122.57	4121.74	4122.34	441	0	19
2026.07.22	05:12:00	4122.37	4122.37	4120.45	4120.99	438	0	15
2026.07.22	05:13:00	4121.00	4122.21	4120.33	4121.89	393	0	15
2026.07.22	05:14:00	4121.91	4122.50	4121.80	4121.87	287	0	24
2026.07.22	05:15:00	4121.91	4122.76	4121.71	4122.37	311	0	14
2026.07.22	05:16:00	4122.37	4123.35	4121.74	4123.01	278	0	10
2026.07.22	05:17:00	4123.01	4125.05	4120.94	4121.12	488	0	9
2026.07.22	05:18:00	4121.26	4121.84	4120.53	4120.87	358	0	25
2026.07.22	05:19:00	4120.89	4120.91	4119.84	4120.39	416	0	9
2026.07.22	05:20:00	4120.38	4122.89	4120.25	4121.99	332	0	18
2026.07.22	05:21:00	4121.86	4123.73	4121.39	4123.63	342	0	8
2026.07.22	05:22:00	4123.56	4125.07	4123.48	4125.06	314	0	8
2026.07.22	05:23:00	4125.06	4125.57	4124.51	4124.96	231	0	16
2026.07.22	05:24:00	4125.00	4125.00	4123.76	4124.78	274	0	15
2026.07.22	05:25:00	4124.80	4125.25	4123.90	4124.68	335	0	22
2026.07.22	05:26:00	4124.68	4125.08	4123.99	4124.92	413	0	8
2026.07.22	05:27:00	4124.92	4125.54	4124.28	4125.22	414	0	20
2026.07.22	05:28:00	4125.21	4125.97	4124.82	4125.68	204	0	14
2026.07.22	05:29:00	4125.68	4125.72	4124.02	4124.17	238	0	15
2026.07.22	05:30:00	4124.18	4125.22	4122.12	4124.32	481	0	8
2026.07.22	05:31:00	4124.26	4126.15	4123.61	4125.51	381	0	8
2026.07.22	05:32:00	4125.47	4129.28	4125.47	4129.05	479	0	8
2026.07.22	05:33:00	4129.16	4130.29	4128.57	4128.92	478	0	13
2026.07.22	05:34:00	4128.84	4130.35	4127.90	4130.20	397	0	9
2026.07.22	05:35:00	4130.17	4130.32	4126.83	4127.16	435	0	7
2026.07.22	05:36:00	4127.25	4128.71	4126.62	4127.62	395	0	14
2026.07.22	05:37:00	4127.57	4128.86	4125.94	4126.10	413	0	9
2026.07.22	05:38:00	4126.10	4126.13	4124.38	4125.04	374	0	17
2026.07.22	05:39:00	4124.24	4125.95	4124.24	4124.51	375	0	25
2026.07.22	05:40:00	4124.48	4128.06	4124.38	4127.24	504	0	8
2026.07.22	05:41:00	4127.44	4129.32	4126.88	4127.41	494	0	8
2026.07.22	05:42:00	4127.41	4127.60	4126.28	4126.34	277	0	18
2026.07.22	05:43:00	4126.34	4126.50	4125.21	4126.35	356	0	12
2026.07.22	05:44:00	4126.35	4128.59	4126.22	4128.21	343	0	10
2026.07.22	05:45:00	4128.21	4128.78	4127.50	4128.33	453	0	11
2026.07.22	05:46:00	4128.45	4130.51	4128.09	4129.08	475	0	12
2026.07.22	05:47:00	4129.01	4129.18	4127.70	4127.83	391	0	24
2026.07.22	05:48:00	4127.83	4129.21	4127.55	4128.46	461	0	23
2026.07.22	05:49:00	4128.46	4128.91	4127.84	4128.33	275	0	25
2026.07.22	05:50:00	4128.32	4128.55	4127.24	4127.35	369	0	16
2026.07.22	05:51:00	4127.66	4127.82	4126.12	4126.87	470	0	23
2026.07.22	05:52:00	4126.87	4127.42	4126.39	4127.38	347	0	10
2026.07.22	05:53:00	4127.38	4128.13	4126.26	4128.11	430	0	11
2026.07.22	05:54:00	4128.10	4129.13	4128.05	4128.30	406	0	10
2026.07.22	05:55:00	4128.30	4128.77	4127.72	4127.87	441	0	18
2026.07.22	05:56:00	4127.87	4128.13	4127.03	4127.15	381	0	14
2026.07.22	05:57:00	4127.15	4127.75	4126.69	4127.49	310	0	11
2026.07.22	05:58:00	4127.46	4129.33	4127.40	4129.26	377	0	10
2026.07.22	05:59:00	4129.26	4130.87	4128.78	4130.36	417	0	8
2026.07.22	06:00:00	4130.49	4131.30	4129.11	4130.43	521	0	8
2026.07.22	06:01:00	4130.45	4131.10	4129.80	4130.48	459	0	23
2026.07.22	06:02:00	4130.48	4132.02	4130.45	4131.94	422	0	17
2026.07.22	06:03:00	4131.94	4132.74	4131.69	4132.51	346	0	17
2026.07.22	06:04:00	4132.51	4133.49	4131.94	4133.39	374	0	18
2026.07.22	06:05:00	4133.40	4134.54	4132.42	4134.38	436	0	8
2026.07.22	06:06:00	4134.38	4137.44	4134.36	4137.08	514	0	19
2026.07.22	06:07:00	4137.08	4140.42	4136.76	4140.04	565	0	9
2026.07.22	06:08:00	4140.04	4140.62	4137.74	4138.13	517	0	8
2026.07.22	06:09:00	4138.22	4138.40	4136.81	4137.33	438	0	12
2026.07.22	06:10:00	4137.36	4138.40	4137.26	4137.76	339	0	15
2026.07.22	06:11:00	4137.76	4138.04	4136.52	4136.52	384	0	15
2026.07.22	06:12:00	4136.52	4136.55	4134.88	4135.94	277	0	11
2026.07.22	06:13:00	4135.95	4137.86	4135.77	4137.56	275	0	8
2026.07.22	06:14:00	4137.54	4137.66	4136.57	4137.20	265	0	24
2026.07.22	06:15:00	4137.20	4139.27	4136.64	4139.24	441	0	13
2026.07.22	06:16:00	4139.22	4139.72	4138.34	4138.55	420	0	8
2026.07.22	06:17:00	4138.57	4139.05	4138.08	4139.05	342	0	11
2026.07.22	06:18:00	4139.01	4139.81	4137.99	4138.29	322	0	8
2026.07.22	06:19:00	4138.29	4139.19	4138.21	4138.97	208	0	8
2026.07.22	06:20:00	4138.97	4140.43	4138.13	4140.43	306	0	18
2026.07.22	06:21:00	4140.19	4140.41	4139.03	4140.21	304	0	12
2026.07.22	06:22:00	4140.21	4140.79	4139.70	4140.38	297	0	17
2026.07.22	06:23:00	4140.32	4141.62	4139.18	4140.92	383	0	8
2026.07.22	06:24:00	4141.10	4141.15	4138.67	4138.90	333	0	12
2026.07.22	06:25:00	4138.83	4139.34	4138.41	4139.01	443	0	20
2026.07.22	06:26:00	4138.66	4139.26	4138.17	4139.23	346	0	11
2026.07.22	06:27:00	4139.23	4139.82	4138.65	4138.75	330	0	14
2026.07.22	06:28:00	4138.77	4139.03	4136.93	4136.97	362	0	10
2026.07.22	06:29:00	4136.96	4138.45	4136.96	4138.17	376	0	8
2026.07.22	06:30:00	4138.16	4138.21	4137.04	4137.22	325	0	8
2026.07.22	06:31:00	4137.29	4137.65	4136.36	4136.37	339	0	10
2026.07.22	06:32:00	4136.50	4136.76	4134.73	4135.11	412	0	9
2026.07.22	06:33:00	4135.19	4135.48	4134.75	4134.80	285	0	8
2026.07.22	06:34:00	4134.81	4135.59	4134.60	4135.05	247	0	12
2026.07.22	06:35:00	4135.04	4135.27	4133.19	4133.61	143	0	29
2026.07.22	06:36:00	4133.74	4133.84	4133.15	4133.15	100	0	33
2026.07.22	06:37:00	4133.12	4134.23	4132.53	4134.20	176	0	25
2026.07.22	06:38:00	4134.20	4135.71	4133.88	4135.32	163	0	14
2026.07.22	06:39:00	4135.30	4135.39	4133.30	4133.59	233	0	15
2026.07.22	06:40:00	4133.54	4133.61	4132.87	4133.11	238	0	11
2026.07.22	06:41:00	4133.13	4133.60	4132.47	4133.37	270	0	23
2026.07.22	06:42:00	4133.39	4134.36	4132.86	4133.36	263	0	8
2026.07.22	06:43:00	4133.40	4134.03	4132.43	4133.69	269	0	8
2026.07.22	06:44:00	4133.72	4134.06	4133.31	4133.48	230	0	9
2026.07.22	06:45:00	4133.52	4134.36	4132.97	4133.14	310	0	7
2026.07.22	06:46:00	4132.96	4133.62	4132.48	4132.83	301	0	8
2026.07.22	06:47:00	4132.85	4134.12	4132.84	4134.01	276	0	12
2026.07.22	06:48:00	4133.98	4134.16	4132.71	4132.73	237	0	9
2026.07.22	06:49:00	4132.73	4132.86	4132.20	4132.69	223	0	13
2026.07.22	06:50:00	4132.68	4132.74	4131.92	4132.19	197	0	17
2026.07.22	06:51:00	4132.27	4132.68	4131.69	4131.89	279	0	8
2026.07.22	06:52:00	4131.91	4132.27	4131.09	4131.23	268	0	8
2026.07.22	06:53:00	4131.24	4131.57	4130.71	4130.95	255	0	8
2026.07.22	06:54:00	4131.00	4131.31	4130.64	4131.08	217	0	18
2026.07.22	06:55:00	4131.08	4131.55	4130.77	4131.08	247	0	23
2026.07.22	06:56:00	4131.08	4131.25	4130.42	4130.50	184	0	20
2026.07.22	06:57:00	4130.50	4131.72	4129.94	4131.15	239	0	16
2026.07.22	06:58:00	4131.16	4131.61	4130.85	4131.26	267	0	16
2026.07.22	06:59:00	4131.29	4131.35	4130.72	4130.84	196	0	18
2026.07.22	07:00:00	4130.84	4131.19	4129.81	4129.91	329	0	17
2026.07.22	07:01:00	4129.99	4131.01	4129.98	4130.59	247	0	11
2026.07.22	07:02:00	4130.59	4130.69	4128.12	4128.90	354	0	21
2026.07.22	07:03:00	4128.88	4128.88	4127.00	4127.25	377	0	8
2026.07.22	07:04:00	4127.31	4128.57	4126.43	4128.28	268	0	10
2026.07.22	07:05:00	4128.28	4129.82	4128.28	4129.57	234	0	16
2026.07.22	07:06:00	4129.58	4130.47	4129.15	4130.30	221	0	18
2026.07.22	07:07:00	4130.28	4130.28	4128.94	4129.14	178	0	11
2026.07.22	07:08:00	4129.15	4129.61	4128.39	4128.42	210	0	9
2026.07.22	07:09:00	4128.40	4128.54	4127.58	4128.00	241	0	8
2026.07.22	07:10:00	4128.00	4128.44	4127.50	4127.70	278	0	9
2026.07.22	07:11:00	4127.70	4127.89	4126.80	4126.93	240	0	8
2026.07.22	07:12:00	4126.93	4127.34	4126.47	4126.48	288	0	13
2026.07.22	07:13:00	4126.44	4127.82	4126.21	4127.59	231	0	17
2026.07.22	07:14:00	4127.59	4127.62	4126.38	4126.92	207	0	8
2026.07.22	07:15:00	4126.92	4128.30	4126.84	4128.11	217	0	16
2026.07.22	07:16:00	4128.11	4129.59	4128.05	4128.63	232	0	16
2026.07.22	07:17:00	4128.63	4128.70	4128.15	4128.21	186	0	17
2026.07.22	07:18:00	4128.31	4128.76	4128.10	4128.54	160	0	21
2026.07.22	07:19:00	4128.56	4128.61	4127.99	4128.01	184	0	25
2026.07.22	07:20:00	4127.94	4128.41	4127.82	4128.35	216	0	13
2026.07.22	07:21:00	4128.32	4128.71	4127.57	4128.63	205	0	19
2026.07.22	07:22:00	4128.63	4129.07	4128.18	4128.89	202	0	21
2026.07.22	07:23:00	4128.91	4129.35	4128.80	4129.24	142	0	18
2026.07.22	07:24:00	4129.22	4129.31	4128.52	4128.76	203	0	17
2026.07.22	07:25:00	4128.76	4128.84	4128.05	4128.24	195	0	12
2026.07.22	07:26:00	4128.19	4128.71	4127.89	4128.20	198	0	20
2026.07.22	07:27:00	4128.19	4128.54	4127.51	4127.89	233	0	17
2026.07.22	07:28:00	4127.82	4128.41	4127.82	4128.21	147	0	23
2026.07.22	07:29:00	4128.21	4128.91	4127.88	4128.75	161	0	27
2026.07.22	07:30:00	4128.75	4128.97	4128.03	4128.21	249	0	24
2026.07.22	07:31:00	4128.21	4129.01	4128.17	4128.61	175	0	23
2026.07.22	07:32:00	4128.60	4128.60	4126.86	4126.90	141	0	22
2026.07.22	07:33:00	4126.96	4127.09	4125.97	4126.39	153	0	19
2026.07.22	07:34:00	4126.37	4126.71	4124.93	4126.68	332	0	15
2026.07.22	07:35:00	4126.68	4126.72	4125.86	4126.19	242	0	9
2026.07.22	07:36:00	4126.18	4126.46	4125.79	4126.39	174	0	9
2026.07.22	07:37:00	4126.39	4126.51	4125.36	4125.38	289	0	9
2026.07.22	07:38:00	4125.37	4126.50	4124.60	4126.45	234	0	19
2026.07.22	07:39:00	4126.48	4126.80	4125.97	4126.19	121	0	21
2026.07.22	07:40:00	4126.19	4126.91	4126.17	4126.46	148	0	24
2026.07.22	07:41:00	4126.46	4127.25	4126.45	4126.99	176	0	16
2026.07.22	07:42:00	4126.97	4127.46	4126.38	4126.97	192	0	24
2026.07.22	07:43:00	4126.97	4127.20	4126.53	4126.68	188	0	19
2026.07.22	07:44:00	4126.71	4127.61	4126.68	4127.26	252	0	13
2026.07.22	07:45:00	4127.26	4127.55	4126.79	4127.52	267	0	14
2026.07.22	07:46:00	4127.53	4127.63	4126.24	4126.46	240	0	19
2026.07.22	07:47:00	4126.44	4126.51	4125.32	4125.70	266	0	14
2026.07.22	07:48:00	4125.87	4126.18	4125.69	4125.97	228	0	17
2026.07.22	07:49:00	4126.01	4126.29	4125.67	4126.23	207	0	25
2026.07.22	07:50:00	4126.23	4126.74	4125.68	4126.40	187	0	8
2026.07.22	07:51:00	4126.43	4126.97	4125.45	4125.66	203	0	8
2026.07.22	07:52:00	4125.64	4125.71	4125.24	4125.70	237	0	15
2026.07.22	07:53:00	4125.70	4125.71	4125.16	4125.45	212	0	17
2026.07.22	07:54:00	4125.46	4126.01	4125.45	4125.93	201	0	24
2026.07.22	07:55:00	4125.93	4126.23	4125.37	4126.01	179	0	19
2026.07.22	07:56:00	4126.04	4126.39	4125.52	4126.34	227	0	25
2026.07.22	07:57:00	4126.36	4127.18	4126.03	4126.84	249	0	12
2026.07.22	07:58:00	4126.82	4127.05	4126.53	4126.78	143	0	13
2026.07.22	07:59:00	4126.87	4127.17	4126.33	4126.98	157	0	21
2026.07.22	08:00:00	4127.00	4127.03	4125.87	4126.25	307	0	23
2026.07.22	08:01:00	4126.17	4127.83	4125.96	4127.56	284	0	23
2026.07.22	08:02:00	4127.54	4128.22	4127.26	4127.83	258	0	21
2026.07.22	08:03:00	4127.83	4129.23	4127.34	4128.22	223	0	17
2026.07.22	08:04:00	4128.18	4128.73	4127.83	4128.34	198	0	19
2026.07.22	08:05:00	4128.34	4128.47	4127.88	4128.15	200	0	17
2026.07.22	08:06:00	4128.15	4128.46	4127.87	4128.42	267	0	19
2026.07.22	08:07:00	4128.42	4129.12	4127.95	4128.81	254	0	18
2026.07.22	08:08:00	4128.85	4128.85	4128.04	4128.05	230	0	20
2026.07.22	08:09:00	4127.93	4127.93	4126.44	4127.14	244	0	14
2026.07.22	08:10:00	4127.12	4128.96	4127.02	4128.90	276	0	12
2026.07.22	08:11:00	4128.90	4129.95	4128.71	4128.75	198	0	10
2026.07.22	08:12:00	4128.73	4128.77	4128.02	4128.12	144	0	19
2026.07.22	08:13:00	4128.12	4128.59	4127.80	4127.88	195	0	24
2026.07.22	08:14:00	4127.89	4128.50	4127.81	4128.48	176	0	21
2026.07.22	08:15:00	4128.46	4128.65	4127.14	4127.45	255	0	11
2026.07.22	08:16:00	4127.44	4127.46	4123.59	4123.96	408	0	9
2026.07.22	08:17:00	4124.03	4124.81	4123.11	4124.27	382	0	8
2026.07.22	08:18:00	4124.31	4125.21	4123.48	4123.82	287	0	19
2026.07.22	08:19:00	4123.82	4124.52	4123.49	4124.01	321	0	14
2026.07.22	08:20:00	4124.01	4124.26	4123.12	4123.59	302	0	23
2026.07.22	08:21:00	4123.59	4124.61	4123.54	4124.07	245	0	21
2026.07.22	08:22:00	4124.09	4124.58	4123.66	4124.55	231	0	16
2026.07.22	08:23:00	4124.56	4124.74	4123.98	4124.35	217	0	20
2026.07.22	08:24:00	4124.30	4124.48	4124.01	4124.31	193	0	16
2026.07.22	08:25:00	4124.31	4124.71	4123.34	4124.69	255	0	15
2026.07.22	08:26:00	4124.69	4126.38	4124.25	4125.67	245	0	8
2026.07.22	08:27:00	4125.68	4125.84	4124.57	4124.83	278	0	17
2026.07.22	08:28:00	4124.77	4124.90	4123.65	4123.79	335	0	16
2026.07.22	08:29:00	4123.83	4124.75	4123.58	4123.69	230	0	25
2026.07.22	08:30:00	4123.72	4128.40	4122.95	4127.21	605	0	12
2026.07.22	08:31:00	4127.25	4128.78	4126.18	4128.09	554	0	8
2026.07.22	08:32:00	4128.09	4128.68	4127.25	4127.72	411	0	16
2026.07.22	08:33:00	4127.69	4128.31	4126.12	4126.68	476	0	16
2026.07.22	08:34:00	4126.71	4127.89	4125.97	4127.50	514	0	17
2026.07.22	08:35:00	4127.50	4130.25	4127.15	4128.64	497	0	15
2026.07.22	08:36:00	4128.59	4129.86	4128.26	4129.57	371	0	23
2026.07.22	08:37:00	4129.59	4131.85	4129.43	4131.51	418	0	10
2026.07.22	08:38:00	4131.51	4133.95	4131.15	4132.30	413	0	9
2026.07.22	08:39:00	4132.47	4132.91	4131.66	4132.52	377	0	14
2026.07.22	08:40:00	4132.51	4133.15	4130.64	4131.58	390	0	9
2026.07.22	08:41:00	4131.58	4132.98	4131.05	4131.50	487	0	9
2026.07.22	08:42:00	4131.50	4132.37	4130.08	4132.16	408	0	10
2026.07.22	08:43:00	4132.18	4132.37	4130.97	4132.03	364	0	8
2026.07.22	08:44:00	4132.05	4133.18	4131.89	4132.41	358	0	10
2026.07.22	08:45:00	4132.44	4132.44	4130.13	4131.57	404	0	11
2026.07.22	08:46:00	4131.62	4132.34	4130.95	4132.13	442	0	18
2026.07.22	08:47:00	4132.07	4133.20	4131.74	4131.98	499	0	20
2026.07.22	08:48:00	4131.96	4132.28	4130.99	4132.18	507	0	15
2026.07.22	08:49:00	4132.15	4132.46	4131.22	4131.92	370	0	25
2026.07.22	08:50:00	4131.92	4132.38	4131.13	4132.23	364	0	22
2026.07.22	08:51:00	4132.25	4132.85	4131.74	4131.78	408	0	19
2026.07.22	08:52:00	4131.85	4132.84	4131.08	4132.66	371	0	22
2026.07.22	08:53:00	4132.65	4132.65	4131.30	4131.71	327	0	16
2026.07.22	08:54:00	4131.73	4131.96	4129.06	4129.52	410	0	23
2026.07.22	08:55:00	4129.54	4130.40	4129.09	4129.13	436	0	16
2026.07.22	08:56:00	4129.13	4129.59	4128.47	4128.92	425	0	29
2026.07.22	08:57:00	4129.00	4129.42	4128.75	4128.75	236	0	21
2026.07.22	08:58:00	4128.79	4130.32	4127.82	4130.28	249	0	18
2026.07.22	08:59:00	4130.28	4131.43	4130.26	4130.98	201	0	10
2026.07.22	09:00:00	4130.98	4134.59	4130.91	4133.82	423	0	8
2026.07.22	09:01:00	4133.82	4134.13	4132.32	4132.84	409	0	15
2026.07.22	09:02:00	4132.88	4133.68	4132.70	4132.98	364	0	21
2026.07.22	09:03:00	4132.98	4135.09	4132.98	4134.32	499	0	16
2026.07.22	09:04:00	4134.32	4135.26	4134.06	4134.23	421	0	13
2026.07.22	09:05:00	4134.24	4134.24	4132.03	4132.74	477	0	16
2026.07.22	09:06:00	4132.70	4133.03	4130.87	4131.39	391	0	7
2026.07.22	09:07:00	4131.37	4132.60	4131.26	4132.06	237	0	14
2026.07.22	09:08:00	4132.04	4132.19	4130.77	4131.38	331	0	18
2026.07.22	09:09:00	4131.38	4131.44	4130.47	4130.66	329	0	22
2026.07.22	09:10:00	4130.72	4131.59	4130.53	4131.15	278	0	8
2026.07.22	09:11:00	4131.15	4132.35	4131.13	4131.58	284	0	9
2026.07.22	09:12:00	4131.58	4131.72	4130.98	4131.55	276	0	16
2026.07.22	09:13:00	4131.56	4132.01	4129.75	4129.89	342	0	9
2026.07.22	09:14:00	4129.95	4130.67	4129.35	4129.79	316	0	15
2026.07.22	09:15:00	4129.76	4129.85	4129.11	4129.67	308	0	9
2026.07.22	09:16:00	4129.67	4131.89	4129.67	4129.83	335	0	9
2026.07.22	09:17:00	4129.93	4131.62	4129.85	4130.97	214	0	22
2026.07.22	09:18:00	4130.97	4131.61	4130.84	4131.50	303	0	17
2026.07.22	09:19:00	4131.59	4131.66	4129.35	4130.39	332	0	19
2026.07.22	09:20:00	4130.39	4130.62	4129.39	4129.78	272	0	17
2026.07.22	09:21:00	4129.78	4129.79	4128.70	4129.28	277	0	14
2026.07.22	09:22:00	4129.27	4130.67	4129.26	4129.82	330	0	13
2026.07.22	09:23:00	4129.71	4129.83	4125.83	4125.97	514	0	8
2026.07.22	09:24:00	4125.98	4126.47	4124.26	4125.07	440	0	11
2026.07.22	09:25:00	4125.02	4125.29	4121.13	4122.01	464	0	10
2026.07.22	09:26:00	4122.00	4122.33	4116.83	4116.86	547	0	12
2026.07.22	09:27:00	4116.86	4117.75	4115.55	4116.60	523	0	9
2026.07.22	09:28:00	4116.66	4118.06	4113.80	4116.54	560	0	16
2026.07.22	09:29:00	4116.58	4117.41	4116.17	4117.32	459	0	18
2026.07.22	09:30:00	4117.39	4119.24	4115.29	4115.75	527	0	8
2026.07.22	09:31:00	4115.65	4116.36	4114.55	4116.32	468	0	12
2026.07.22	09:32:00	4116.34	4117.30	4115.29	4116.72	584	0	9
2026.07.22	09:33:00	4116.67	4117.64	4116.03	4117.04	467	0	21
2026.07.22	09:34:00	4117.04	4119.27	4116.74	4119.24	486	0	9
2026.07.22	09:35:00	4119.28	4120.00	4118.91	4119.46	375	0	14
2026.07.22	09:36:00	4119.45	4119.98	4118.14	4119.88	366	0	14
2026.07.22	09:37:00	4119.88	4120.30	4116.45	4117.19	459	0	17
2026.07.22	09:38:00	4117.17	4118.92	4116.60	4116.78	390	0	10
2026.07.22	09:39:00	4116.81	4117.98	4116.67	4117.34	334	0	8
2026.07.22	09:40:00	4117.34	4118.75	4117.10	4118.14	328	0	13
2026.07.22	09:41:00	4118.15	4118.84	4117.44	4118.63	308	0	8
2026.07.22	09:42:00	4118.63	4118.69	4116.98	4117.93	290	0	10
2026.07.22	09:43:00	4117.90	4120.15	4117.87	4120.05	344	0	10
2026.07.22	09:44:00	4120.15	4120.16	4118.76	4118.76	268	0	13
2026.07.22	09:45:00	4118.71	4120.32	4118.32	4120.32	364	0	8
2026.07.22	09:46:00	4120.32	4120.70	4119.10	4119.32	274	0	8
2026.07.22	09:47:00	4119.32	4120.19	4118.31	4119.34	427	0	7
2026.07.22	09:48:00	4119.38	4119.44	4118.52	4118.67	308	0	8
2026.07.22	09:49:00	4118.76	4118.82	4116.99	4117.64	376	0	8
2026.07.22	09:50:00	4117.63	4117.64	4115.24	4115.89	431	0	9
2026.07.22	09:51:00	4115.91	4116.07	4114.23	4115.17	346	0	18
2026.07.22	09:52:00	4115.23	4116.45	4115.02	4116.32	357	0	25
2026.07.22	09:53:00	4116.32	4116.68	4115.82	4116.55	288	0	28
2026.07.22	09:54:00	4116.58	4116.78	4115.50	4116.41	381	0	8
2026.07.22	09:55:00	4116.38	4117.03	4115.60	4116.60	431	0	11
2026.07.22	09:56:00	4116.66	4116.76	4115.54	4116.18	347	0	14
2026.07.22	09:57:00	4116.18	4116.35	4113.25	4114.58	351	0	12
2026.07.22	09:58:00	4114.57	4115.47	4114.10	4115.15	276	0	13
2026.07.22	09:59:00	4115.14	4116.64	4115.01	4116.32	385	0	16
2026.07.22	10:00:00	4116.31	4117.31	4114.72	4116.32	534	0	12
2026.07.22	10:01:00	4116.35	4116.36	4113.98	4114.37	516	0	19
2026.07.22	10:02:00	4114.37	4114.67	4113.47	4114.60	428	0	9
2026.07.22	10:03:00	4114.60	4114.97	4114.11	4114.31	340	0	15
2026.07.22	10:04:00	4114.30	4115.15	4111.77	4112.50	387	0	8
2026.07.22	10:05:00	4112.80	4114.56	4112.44	4113.21	371	0	12
2026.07.22	10:06:00	4113.15	4114.32	4112.31	4114.05	495	0	10
2026.07.22	10:07:00	4114.05	4115.47	4113.89	4115.43	383	0	15
2026.07.22	10:08:00	4115.43	4115.63	4113.21	4113.30	368	0	8
2026.07.22	10:09:00	4113.32	4113.85	4112.54	4113.40	371	0	10
2026.07.22	10:10:00	4113.40	4114.46	4113.20	4113.83	361	0	7
2026.07.22	10:11:00	4113.85	4113.94	4112.42	4113.11	363	0	11
2026.07.22	10:12:00	4113.24	4116.19	4112.87	4115.91	489	0	8
2026.07.22	10:13:00	4115.91	4116.37	4114.79	4115.21	295	0	9
2026.07.22	10:14:00	4115.29	4116.44	4114.56	4116.39	334	0	9
2026.07.22	10:15:00	4116.17	4117.28	4115.91	4116.68	304	0	7
2026.07.22	10:16:00	4116.68	4118.39	4116.53	4116.66	296	0	8
2026.07.22	10:17:00	4116.62	4118.22	4116.37	4118.12	275	0	8
2026.07.22	10:18:00	4118.12	4118.99	4117.89	4118.91	321	0	8
2026.07.22	10:19:00	4118.91	4119.06	4118.30	4118.84	253	0	14
2026.07.22	10:20:00	4118.85	4119.88	4118.66	4119.40	279	0	14
2026.07.22	10:21:00	4119.36	4122.49	4119.21	4120.98	348	0	7
2026.07.22	10:22:00	4120.96	4121.01	4119.50	4119.79	250	0	18
2026.07.22	10:23:00	4119.78	4119.99	4119.28	4119.44	235	0	8
2026.07.22	10:24:00	4119.44	4119.47	4117.86	4117.86	347	0	10
2026.07.22	10:25:00	4117.84	4119.00	4117.70	4118.93	329	0	13
2026.07.22	10:26:00	4118.93	4119.74	4118.49	4119.19	399	0	19
2026.07.22	10:27:00	4119.14	4119.62	4118.49	4119.47	285	0	15
2026.07.22	10:28:00	4119.47	4120.06	4119.19	4119.50	282	0	15
2026.07.22	10:29:00	4119.50	4119.95	4119.05	4119.64	264	0	13
2026.07.22	10:30:00	4119.55	4123.08	4119.54	4120.11	586	0	8
2026.07.22	10:31:00	4120.09	4120.59	4119.37	4120.17	370	0	21
2026.07.22	10:32:00	4120.20	4120.21	4118.97	4119.00	312	0	25
2026.07.22	10:33:00	4119.00	4119.58	4118.17	4118.56	312	0	16
2026.07.22	10:34:00	4118.56	4119.29	4118.19	4118.19	377	0	7
2026.07.22	10:35:00	4118.19	4118.39	4117.54	4117.62	362	0	20
2026.07.22	10:36:00	4117.64	4118.22	4117.15	4117.26	418	0	21
2026.07.22	10:37:00	4117.24	4117.65	4116.74	4117.50	375	0	22
2026.07.22	10:38:00	4117.47	4117.99	4116.27	4116.37	361	0	17
2026.07.22	10:39:00	4116.44	4116.86	4114.91	4114.93	406	0	14
2026.07.22	10:40:00	4114.93	4115.27	4113.13	4113.36	385	0	14
2026.07.22	10:41:00	4113.38	4113.52	4111.22	4111.77	500	0	12
2026.07.22	10:42:00	4111.77	4112.47	4111.06	4111.11	380	0	13
2026.07.22	10:43:00	4111.09	4113.08	4110.87	4113.05	366	0	14
2026.07.22	10:44:00	4113.03	4113.83	4111.63	4112.26	444	0	21
2026.07.22	10:45:00	4112.24	4113.19	4111.32	4112.11	329	0	8
2026.07.22	10:46:00	4111.97	4112.26	4109.62	4110.80	379	0	8
2026.07.22	10:47:00	4110.82	4111.84	4109.98	4110.68	400	0	24
2026.07.22	10:48:00	4110.70	4113.65	4110.62	4111.37	416	0	7
2026.07.22	10:49:00	4111.37	4111.43	4109.91	4110.17	404	0	17
2026.07.22	10:50:00	4110.15	4110.74	4109.60	4110.58	421	0	26
2026.07.22	10:51:00	4110.58	4111.25	4110.39	4110.90	360	0	20
2026.07.22	10:52:00	4110.87	4111.14	4109.76	4110.53	400	0	8
2026.07.22	10:53:00	4110.53	4113.32	4110.28	4113.30	425	0	8
2026.07.22	10:54:00	4113.28	4114.11	4112.81	4114.06	354	0	12
2026.07.22	10:55:00	4114.03	4114.37	4112.35	4112.65	437	0	8
2026.07.22	10:56:00	4112.75	4113.66	4112.65	4113.29	352	0	26
2026.07.22	10:57:00	4113.31	4113.51	4112.61	4112.72	395	0	15
2026.07.22	10:58:00	4112.60	4112.61	4109.27	4109.61	444	0	8
2026.07.22	10:59:00	4109.61	4110.62	4109.20	4110.56	364	0	8
2026.07.22	11:00:00	4110.58	4113.47	4110.58	4113.47	632	0	13
2026.07.22	11:01:00	4113.48	4113.48	4111.22	4112.03	548	0	8
2026.07.22	11:02:00	4112.01	4112.24	4110.50	4111.80	436	0	16
2026.07.22	11:03:00	4111.80	4113.25	4111.35	4112.95	434	0	23
2026.07.22	11:04:00	4113.00	4115.27	4112.85	4114.98	415	0	22
2026.07.22	11:05:00	4114.86	4115.29	4113.91	4114.61	441	0	16
2026.07.22	11:06:00	4114.57	4115.67	4113.54	4113.63	430	0	13
2026.07.22	11:07:00	4113.63	4115.29	4113.53	4114.95	398	0	9
2026.07.22	11:08:00	4114.92	4115.86	4114.57	4115.27	421	0	16
2026.07.22	11:09:00	4115.30	4115.59	4114.18	4114.50	457	0	15
2026.07.22	11:10:00	4114.50	4114.91	4112.77	4112.84	496	0	9
2026.07.22	11:11:00	4112.84	4113.40	4112.35	4112.78	398	0	12
2026.07.22	11:12:00	4112.76	4114.31	4112.67	4114.08	436	0	17
2026.07.22	11:13:00	4114.08	4116.07	4114.00	4115.22	402	0	12
2026.07.22	11:14:00	4115.20	4115.63	4114.09	4114.66	328	0	19
2026.07.22	11:15:00	4114.67	4114.88	4113.35	4114.56	448	0	19
2026.07.22	11:16:00	4114.55	4114.89	4113.92	4114.26	394	0	19
2026.07.22	11:17:00	4114.30	4114.78	4113.89	4114.43	499	0	18
2026.07.22	11:18:00	4114.42	4115.40	4113.64	4115.29	419	0	18
2026.07.22	11:19:00	4115.29	4115.49	4114.44	4114.81	429	0	11
2026.07.22	11:20:00	4114.91	4116.06	4114.79	4115.73	422	0	12
2026.07.22	11:21:00	4115.73	4117.18	4115.56	4116.84	373	0	8
2026.07.22	11:22:00	4116.86	4117.64	4116.65	4117.23	367	0	8
2026.07.22	11:23:00	4117.32	4117.83	4117.17	4117.54	227	0	14
2026.07.22	11:24:00	4117.55	4117.55	4116.02	4116.85	363	0	16
2026.07.22	11:25:00	4116.83	4117.60	4116.68	4117.47	355	0	16
2026.07.22	11:26:00	4117.47	4117.69	4116.12	4116.33	397	0	10
2026.07.22	11:27:00	4116.33	4116.89	4115.35	4115.65	404	0	8
2026.07.22	11:28:00	4115.76	4117.37	4115.73	4116.90	405	0	8
2026.07.22	11:29:00	4116.85	4117.47	4116.38	4117.47	488	0	13
2026.07.22	11:30:00	4117.46	4118.03	4116.49	4117.71	597	0	10
2026.07.22	11:31:00	4117.71	4119.11	4117.44	4118.79	369	0	18
2026.07.22	11:32:00	4118.67	4118.80	4117.40	4117.47	300	0	16
2026.07.22	11:33:00	4117.36	4118.89	4117.22	4118.17	322	0	9
2026.07.22	11:34:00	4118.10	4118.35	4116.95	4117.91	375	0	8
2026.07.22	11:35:00	4117.91	4118.36	4117.39	4118.08	388	0	8
2026.07.22	11:36:00	4118.08	4118.52	4117.61	4118.34	359	0	9
2026.07.22	11:37:00	4118.34	4118.56	4117.53	4117.55	315	0	9
2026.07.22	11:38:00	4117.53	4117.67	4116.90	4117.11	346	0	8
2026.07.22	11:39:00	4117.11	4118.24	4116.58	4116.73	377	0	9
2026.07.22	11:40:00	4116.75	4117.41	4116.54	4116.96	387	0	18
2026.07.22	11:41:00	4116.96	4117.40	4116.45	4116.48	313	0	11
2026.07.22	11:42:00	4116.44	4116.52	4115.28	4116.11	375	0	12
2026.07.22	11:43:00	4116.11	4116.14	4115.19	4115.39	310	0	10
2026.07.22	11:44:00	4115.39	4115.58	4114.09	4114.53	368	0	8
2026.07.22	11:45:00	4114.67	4115.97	4114.37	4115.43	336	0	10
2026.07.22	11:46:00	4115.46	4116.30	4113.64	4113.85	424	0	8
2026.07.22	11:47:00	4113.85	4114.28	4113.33	4114.02	427	0	10
2026.07.22	11:48:00	4114.04	4114.26	4113.53	4113.72	341	0	8
2026.07.22	11:49:00	4113.72	4114.91	4113.34	4114.64	390	0	13
2026.07.22	11:50:00	4114.64	4115.08	4114.30	4114.31	413	0	15
2026.07.22	11:51:00	4114.29	4114.90	4113.62	4114.68	410	0	17
2026.07.22	11:52:00	4114.71	4115.73	4114.31	4115.44	300	0	8
2026.07.22	11:53:00	4115.44	4117.55	4115.39	4117.52	325	0	14
2026.07.22	11:54:00	4117.52	4117.76	4116.84	4117.52	382	0	20
2026.07.22	11:55:00	4117.54	4119.21	4117.53	4118.17	304	0	10
2026.07.22	11:56:00	4118.16	4120.16	4118.02	4118.72	270	0	8
2026.07.22	11:57:00	4118.69	4118.94	4117.55	4118.52	318	0	11
2026.07.22	11:58:00	4118.52	4119.07	4118.22	4118.48	247	0	11
2026.07.22	11:59:00	4118.45	4118.79	4117.46	4118.31	276	0	14
2026.07.22	12:00:00	4118.29	4119.43	4117.74	4119.11	427	0	13
2026.07.22	12:01:00	4119.14	4120.50	4118.94	4119.12	357	0	9
2026.07.22	12:02:00	4119.22	4120.52	4119.09	4119.53	352	0	7
2026.07.22	12:03:00	4119.55	4120.25	4119.37	4120.00	322	0	8
2026.07.22	12:04:00	4120.00	4120.00	4119.21	4119.91	368	0	9
2026.07.22	12:05:00	4119.89	4120.07	4118.45	4119.56	345	0	8
2026.07.22	12:06:00	4119.53	4119.81	4117.95	4118.68	253	0	9
2026.07.22	12:07:00	4118.54	4122.21	4118.37	4121.69	380	0	10
2026.07.22	12:08:00	4121.79	4121.85	4120.16	4120.49	273	0	15
2026.07.22	12:09:00	4120.49	4120.68	4119.85	4119.95	310	0	20
2026.07.22	12:10:00	4119.98	4120.70	4119.57	4120.56	262	0	8
2026.07.22	12:11:00	4120.55	4121.87	4120.38	4121.66	317	0	15
2026.07.22	12:12:00	4121.65	4121.65	4120.20	4121.07	340	0	8
2026.07.22	12:13:00	4121.09	4122.20	4120.94	4121.38	333	0	10
2026.07.22	12:14:00	4121.38	4121.77	4121.10	4121.69	276	0	18
2026.07.22	12:15:00	4121.82	4121.82	4119.67	4120.15	322	0	18
2026.07.22	12:16:00	4120.11	4120.74	4119.94	4120.39	296	0	17
2026.07.22	12:17:00	4120.34	4121.03	4120.34	4120.51	303	0	16
2026.07.22	12:18:00	4120.51	4121.99	4120.51	4121.45	321	0	8
2026.07.22	12:19:00	4121.47	4122.22	4121.47	4122.19	383	0	16
2026.07.22	12:20:00	4122.21	4122.32	4121.08	4122.02	363	0	15
2026.07.22	12:21:00	4122.02	4122.07	4119.33	4119.50	423	0	16
2026.07.22	12:22:00	4119.50	4121.16	4119.40	4121.02	291	0	14
2026.07.22	12:23:00	4121.02	4121.02	4120.14	4120.55	305	0	23
2026.07.22	12:24:00	4120.46	4120.90	4120.00	4120.69	274	0	14
2026.07.22	12:25:00	4120.67	4121.30	4120.35	4120.85	239	0	20
2026.07.22	12:26:00	4120.85	4120.98	4119.85	4120.04	262	0	7
2026.07.22	12:27:00	4120.04	4120.92	4120.00	4120.23	348	0	15
2026.07.22	12:28:00	4120.23	4120.23	4119.10	4119.86	342	0	14
2026.07.22	12:29:00	4119.88	4119.98	4117.88	4118.72	317	0	8
2026.07.22	12:30:00	4118.59	4121.63	4116.92	4118.21	517	0	8
2026.07.22	12:31:00	4118.21	4118.77	4117.73	4118.21	314	0	8
2026.07.22	12:32:00	4118.23	4118.48	4117.66	4117.96	311	0	23
2026.07.22	12:33:00	4118.09	4118.66	4117.40	4117.80	317	0	8
2026.07.22	12:34:00	4117.95	4118.48	4116.30	4117.29	411	0	14
2026.07.22	12:35:00	4117.25	4118.03	4117.16	4117.23	366	0	21
2026.07.22	12:36:00	4117.22	4118.75	4117.10	4117.69	433	0	18
2026.07.22	12:37:00	4117.72	4117.79	4115.67	4116.77	380	0	9
2026.07.22	12:38:00	4116.77	4116.96	4115.91	4116.12	265	0	20
2026.07.22	12:39:00	4116.08	4116.13	4114.30	4114.47	412	0	18
2026.07.22	12:40:00	4114.47	4117.42	4114.32	4116.78	315	0	14
2026.07.22	12:41:00	4116.78	4117.88	4116.13	4117.88	243	0	16
2026.07.22	12:42:00	4117.88	4118.60	4117.50	4118.01	318	0	13
2026.07.22	12:43:00	4118.04	4118.90	4117.60	4117.87	387	0	15
2026.07.22	12:44:00	4117.87	4117.93	4115.81	4116.01	326	0	13
2026.07.22	12:45:00	4115.99	4116.65	4115.69	4115.78	303	0	17
2026.07.22	12:46:00	4115.78	4116.64	4115.78	4116.62	194	0	13
2026.07.22	12:47:00	4116.74	4117.41	4116.72	4117.39	262	0	14
2026.07.22	12:48:00	4117.32	4117.32	4116.56	4116.76	286	0	13
2026.07.22	12:49:00	4116.76	4117.39	4116.59	4116.88	225	0	18
2026.07.22	12:50:00	4116.94	4117.26	4116.46	4117.11	295	0	24
2026.07.22	12:51:00	4117.11	4117.66	4115.89	4115.96	341	0	10
2026.07.22	12:52:00	4116.06	4116.15	4115.14	4115.80	349	0	20
2026.07.22	12:53:00	4115.80	4116.16	4113.33	4113.37	354	0	17
2026.07.22	12:54:00	4113.41	4115.16	4113.16	4115.16	331	0	8
2026.07.22	12:55:00	4115.08	4116.92	4115.03	4116.92	263	0	8
2026.07.22	12:56:00	4116.92	4117.86	4116.87	4117.37	309	0	13
2026.07.22	12:57:00	4117.30	4117.48	4114.53	4114.92	351	0	13
2026.07.22	12:58:00	4114.90	4115.10	4114.53	4114.80	277	0	13
2026.07.22	12:59:00	4114.80	4115.06	4114.11	4115.00	345	0	24
2026.07.22	13:00:00	4114.99	4117.16	4114.75	4117.08	375	0	20
2026.07.22	13:01:00	4117.07	4117.39	4116.10	4117.18	301	0	17
2026.07.22	13:02:00	4117.21	4120.00	4117.09	4118.95	375	0	8
2026.07.22	13:03:00	4118.95	4119.00	4116.51	4116.65	424	0	8
2026.07.22	13:04:00	4116.63	4116.69	4116.17	4116.32	219	0	17
2026.07.22	13:05:00	4116.32	4117.17	4115.92	4116.88	328	0	13
2026.07.22	13:06:00	4116.93	4117.32	4115.95	4117.11	373	0	7
2026.07.22	13:07:00	4117.09	4117.83	4116.86	4117.14	395	0	9
2026.07.22	13:08:00	4117.21	4117.71	4116.33	4116.70	374	0	14
2026.07.22	13:09:00	4116.73	4116.73	4116.08	4116.15	242	0	19
2026.07.22	13:10:00	4116.14	4117.12	4115.98	4117.05	369	0	7
2026.07.22	13:11:00	4117.05	4117.82	4116.82	4117.27	353	0	17
2026.07.22	13:12:00	4117.23	4117.54	4116.89	4117.20	304	0	24
2026.07.22	13:13:00	4117.20	4118.17	4117.01	4117.69	277	0	10
2026.07.22	13:14:00	4117.70	4118.02	4117.36	4117.46	262	0	11
2026.07.22	13:15:00	4117.46	4118.46	4117.46	4118.39	333	0	21
2026.07.22	13:16:00	4118.40	4118.40	4116.42	4117.07	314	0	9
2026.07.22	13:17:00	4117.03	4118.75	4116.78	4118.13	256	0	11
2026.07.22	13:18:00	4118.04	4119.07	4117.95	4119.04	297	0	8
2026.07.22	13:19:00	4119.04	4119.29	4117.48	4117.51	298	0	17
2026.07.22	13:20:00	4117.49	4121.22	4117.49	4119.80	587	0	8
2026.07.22	13:21:00	4119.78	4120.44	4119.44	4119.64	328	0	23
2026.07.22	13:22:00	4119.60	4120.11	4119.18	4119.61	330	0	18
2026.07.22	13:23:00	4119.59	4119.66	4118.69	4119.60	246	0	16
2026.07.22	13:24:00	4119.64	4121.74	4119.62	4121.42	455	0	22
2026.07.22	13:25:00	4121.54	4121.71	4120.40	4120.66	342	0	16
2026.07.22	13:26:00	4120.69	4121.17	4120.01	4120.47	337	0	20
2026.07.22	13:27:00	4120.49	4120.98	4120.19	4120.38	288	0	14
2026.07.22	13:28:00	4120.42	4120.50	4118.90	4119.21	291	0	15
2026.07.22	13:29:00	4119.21	4119.74	4119.09	4119.22	297	0	25
2026.07.22	13:30:00	4119.22	4119.91	4118.68	4119.39	307	0	24
2026.07.22	13:31:00	4119.35	4119.37	4118.30	4118.58	297	0	20
2026.07.22	13:32:00	4118.58	4118.80	4117.84	4118.41	317	0	14
2026.07.22	13:33:00	4118.41	4119.06	4118.36	4119.04	232	0	26
2026.07.22	13:34:00	4119.02	4119.20	4118.45	4118.77	313	0	25
2026.07.22	13:35:00	4118.74	4119.09	4117.35	4117.40	404	0	9
2026.07.22	13:36:00	4117.40	4118.12	4117.00	4117.92	275	0	18
2026.07.22	13:37:00	4117.94	4118.20	4117.59	4118.08	229	0	27
2026.07.22	13:38:00	4118.08	4118.55	4117.41	4117.60	229	0	15
2026.07.22	13:39:00	4117.62	4117.86	4116.71	4117.04	288	0	19
2026.07.22	13:40:00	4117.02	4117.50	4115.89	4117.32	260	0	19
2026.07.22	13:41:00	4117.32	4117.70	4116.43	4116.60	287	0	18
2026.07.22	13:42:00	4116.60	4117.20	4116.53	4116.73	204	0	20
2026.07.22	13:43:00	4116.84	4117.54	4116.52	4116.93	213	0	15
2026.07.22	13:44:00	4116.83	4117.28	4116.68	4117.07	212	0	22
2026.07.22	13:45:00	4117.07	4117.45	4116.23	4117.32	281	0	19
2026.07.22	13:46:00	4117.36	4117.45	4116.79	4116.92	241	0	18
2026.07.22	13:47:00	4116.90	4117.25	4116.87	4116.95	205	0	25
2026.07.22	13:48:00	4116.92	4117.94	4116.59	4117.78	298	0	18
2026.07.22	13:49:00	4117.74	4119.01	4117.54	4118.91	331	0	21
2026.07.22	13:50:00	4118.91	4119.99	4118.75	4119.99	310	0	23
2026.07.22	13:51:00	4120.05	4120.26	4119.15	4119.19	322	0	23
2026.07.22	13:52:00	4119.21	4119.77	4119.04	4119.30	254	0	20
2026.07.22	13:53:00	4119.33	4119.35	4117.99	4117.99	245	0	23
2026.07.22	13:54:00	4118.04	4118.45	4117.95	4118.16	227	0	23
2026.07.22	13:55:00	4118.15	4118.19	4117.16	4117.21	226	0	13
2026.07.22	13:56:00	4117.21	4117.52	4117.01	4117.31	229	0	24
2026.07.22	13:57:00	4117.37	4117.48	4116.13	4116.69	209	0	15
2026.07.22	13:58:00	4116.69	4118.28	4116.69	4117.24	186	0	22
2026.07.22	13:59:00	4117.24	4117.69	4116.98	4117.46	158	0	14
2026.07.22	14:00:00	4117.46	4118.10	4116.59	4116.74	254	0	15
2026.07.22	14:01:00	4116.77	4117.66	4116.41	4116.49	308	0	23
2026.07.22	14:02:00	4116.49	4116.49	4115.19	4116.23	349	0	10
2026.07.22	14:03:00	4116.29	4117.61	4116.29	4117.58	375	0	22
2026.07.22	14:04:00	4117.58	4117.90	4116.86	4117.01	292	0	18
2026.07.22	14:05:00	4116.94	4117.93	4116.92	4117.41	282	0	9
2026.07.22	14:06:00	4117.44	4118.40	4117.29	4118.04	318	0	19
2026.07.22	14:07:00	4118.04	4118.23	4116.59	4117.10	292	0	16
2026.07.22	14:08:00	4117.09	4117.10	4116.09	4116.85	300	0	25
2026.07.22	14:09:00	4116.79	4118.75	4116.77	4118.72	298	0	14
2026.07.22	14:10:00	4118.75	4118.95	4117.98	4118.38	263	0	20
2026.07.22	14:11:00	4118.48	4118.76	4118.25	4118.40	148	0	19
2026.07.22	14:12:00	4118.40	4120.92	4118.40	4120.15	322	0	11
2026.07.22	14:13:00	4120.15	4120.15	4119.11	4119.47	259	0	20
2026.07.22	14:14:00	4119.51	4119.51	4118.68	4119.04	218	0	17
2026.07.22	14:15:00	4119.04	4119.54	4118.74	4119.46	143	0	14
2026.07.22	14:16:00	4119.46	4121.44	4118.54	4121.24	219	0	8
2026.07.22	14:17:00	4121.24	4122.98	4120.85	4122.44	225	0	8
2026.07.22	14:18:00	4122.44	4122.79	4121.04	4121.75	218	0	12
2026.07.22	14:19:00	4121.73	4121.89	4120.98	4121.01	242	0	16
2026.07.22	14:20:00	4120.99	4121.95	4120.50	4121.90	278	0	13
2026.07.22	14:21:00	4121.97	4122.19	4120.81	4121.93	251	0	8
2026.07.22	14:22:00	4121.90	4122.65	4121.14	4121.18	252	0	11
2026.07.22	14:23:00	4121.18	4121.36	4120.74	4121.09	241	0	17
2026.07.22	14:24:00	4121.10	4121.12	4120.19	4120.51	215	0	20
2026.07.22	14:25:00	4120.51	4120.83	4119.28	4119.28	302	0	19
2026.07.22	14:26:00	4119.35	4119.44	4117.42	4117.45	291	0	12
2026.07.22	14:27:00	4117.45	4118.73	4117.45	4118.06	309	0	15
2026.07.22	14:28:00	4118.06	4118.63	4118.02	4118.61	240	0	16
2026.07.22	14:29:00	4118.63	4119.03	4118.35	4118.62	219	0	22
2026.07.22	14:30:00	4118.62	4119.38	4118.22	4118.87	302	0	12
2026.07.22	14:31:00	4118.85	4119.70	4118.64	4119.67	271	0	13
2026.07.22	14:32:00	4119.67	4119.97	4119.41	4119.56	201	0	15
2026.07.22	14:33:00	4119.58	4120.55	4119.49	4119.76	304	0	12
2026.07.22	14:34:00	4119.76	4120.05	4119.32	4119.84	217	0	10
2026.07.22	14:35:00	4119.84	4119.88	4117.88	4118.23	352	0	8
2026.07.22	14:36:00	4118.22	4118.89	4118.21	4118.79	237	0	17
2026.07.22	14:37:00	4118.76	4119.01	4117.13	4117.99	338	0	10
2026.07.22	14:38:00	4118.01	4118.77	4117.79	4118.55	258	0	7
2026.07.22	14:39:00	4118.56	4118.67	4118.16	4118.65	385	0	17
2026.07.22	14:40:00	4118.71	4119.20	4115.23	4116.70	310	0	8
2026.07.22	14:41:00	4116.69	4117.60	4114.85	4117.32	694	0	10
2026.07.22	14:42:00	4117.30	4117.61	4114.55	4116.16	503	0	8
2026.07.22	14:43:00	4116.14	4116.43	4112.49	4113.41	668	0	8
2026.07.22	14:44:00	4113.46	4116.23	4113.43	4115.15	559	0	12
2026.07.22	14:45:00	4115.14	4117.00	4114.71	4116.13	511	0	17
2026.07.22	14:46:00	4116.15	4116.30	4114.90	4116.23	313	0	8
2026.07.22	14:47:00	4116.25	4118.70	4115.86	4118.52	475	0	8
2026.07.22	14:48:00	4118.51	4119.69	4118.46	4119.09	303	0	18
2026.07.22	14:49:00	4119.18	4120.28	4119.08	4120.25	307	0	22
2026.07.22	14:50:00	4120.24	4120.32	4118.99	4119.46	325	0	18
2026.07.22	14:51:00	4119.48	4121.39	4119.48	4120.29	452	0	16
2026.07.22	14:52:00	4120.31	4120.38	4118.64	4119.13	286	0	8
2026.07.22	14:53:00	4119.13	4119.26	4118.02	4119.12	272	0	22
2026.07.22	14:54:00	4119.21	4120.52	4118.75	4119.71	265	0	11
2026.07.22	14:55:00	4119.96	4120.28	4119.49	4119.65	298	0	15
2026.07.22	14:56:00	4119.63	4121.40	4119.56	4121.31	285	0	11
2026.07.22	14:57:00	4121.38	4122.71	4121.37	4122.58	301	0	20
2026.07.22	14:58:00	4122.58	4123.00	4122.16	4122.34	301	0	18
2026.07.22	14:59:00	4122.35	4122.83	4122.33	4122.58	263	0	15
2026.07.22	15:00:00	4122.57	4126.03	4121.79	4124.80	598	0	8
2026.07.22	15:01:00	4124.87	4126.48	4124.36	4125.99	497	0	10
2026.07.22	15:02:00	4125.96	4125.96	4123.76	4124.59	412	0	8
2026.07.22	15:03:00	4124.58	4126.16	4124.47	4125.71	401	0	8
2026.07.22	15:04:00	4125.71	4125.76	4124.01	4125.26	354	0	13
2026.07.22	15:05:00	4125.25	4126.22	4124.21	4125.87	519	0	12
2026.07.22	15:06:00	4125.87	4127.00	4124.88	4125.14	495	0	12
2026.07.22	15:07:00	4125.16	4125.92	4123.90	4123.96	402	0	8
2026.07.22	15:08:00	4124.06	4124.57	4123.52	4124.21	443	0	17
2026.07.22	15:09:00	4124.21	4125.18	4123.88	4124.79	439	0	19
2026.07.22	15:10:00	4124.79	4125.75	4124.34	4125.25	460	0	20
2026.07.22	15:11:00	4125.25	4125.35	4124.37	4124.50	375	0	9
2026.07.22	15:12:00	4124.50	4125.66	4123.49	4125.62	386	0	12
2026.07.22	15:13:00	4125.62	4126.47	4125.46	4125.87	282	0	11
2026.07.22	15:14:00	4125.82	4127.33	4124.82	4126.98	405	0	8
2026.07.22	15:15:00	4127.09	4127.62	4125.18	4126.04	388	0	14
2026.07.22	15:16:00	4126.04	4126.47	4125.51	4126.00	349	0	13
2026.07.22	15:17:00	4125.91	4126.25	4124.70	4126.12	364	0	9
2026.07.22	15:18:00	4126.12	4127.71	4125.96	4127.17	431	0	15
2026.07.22	15:19:00	4127.19	4127.19	4125.28	4125.91	376	0	8
2026.07.22	15:20:00	4125.94	4129.76	4125.52	4129.15	588	0	13
2026.07.22	15:21:00	4129.29	4129.32	4127.05	4128.57	447	0	8
2026.07.22	15:22:00	4128.53	4130.08	4128.11	4128.22	523	0	9
2026.07.22	15:23:00	4128.12	4128.99	4127.24	4128.93	463	0	11
2026.07.22	15:24:00	4128.87	4130.09	4128.65	4129.50	448	0	19
2026.07.22	15:25:00	4129.47	4130.43	4128.64	4129.16	430	0	16
2026.07.22	15:26:00	4129.08	4129.83	4128.89	4129.31	339	0	9
2026.07.22	15:27:00	4129.32	4130.89	4128.42	4130.85	403	0	8
2026.07.22	15:28:00	4130.85	4132.75	4130.55	4132.28	437	0	16
2026.07.22	15:29:00	4132.27	4133.12	4131.35	4132.61	443	0	9
2026.07.22	15:30:00	4132.57	4134.34	4131.90	4132.54	591	0	8
2026.07.22	15:31:00	4132.49	4132.52	4129.92	4130.06	467	0	10
2026.07.22	15:32:00	4130.08	4131.19	4129.05	4129.20	462	0	20
2026.07.22	15:33:00	4129.16	4129.70	4128.60	4129.40	362	0	8
2026.07.22	15:34:00	4129.37	4129.94	4127.24	4127.54	342	0	16
2026.07.22	15:35:00	4127.55	4127.94	4126.70	4127.34	472	0	14
2026.07.22	15:36:00	4127.35	4127.43	4125.66	4126.60	440	0	14
2026.07.22	15:37:00	4126.60	4126.92	4124.66	4124.72	404	0	8
2026.07.22	15:38:00	4124.70	4127.01	4124.69	4126.62	521	0	9
2026.07.22	15:39:00	4126.62	4128.27	4126.19	4127.02	423	0	8
2026.07.22	15:40:00	4127.04	4127.82	4126.43	4127.65	436	0	8
2026.07.22	15:41:00	4127.65	4127.89	4126.44	4127.24	442	0	15
2026.07.22	15:42:00	4127.25	4127.37	4125.50	4125.55	413	0	7
2026.07.22	15:43:00	4125.49	4128.25	4125.37	4127.28	458	0	11
2026.07.22	15:44:00	4127.31	4128.42	4127.15	4127.18	429	0	8
2026.07.22	15:45:00	4127.20	4127.60	4124.52	4124.75	536	0	9
2026.07.22	15:46:00	4124.76	4125.43	4121.76	4121.78	420	0	8
2026.07.22	15:47:00	4121.72	4122.95	4120.34	4122.29	504	0	12
2026.07.22	15:48:00	4122.31	4122.34	4120.11	4120.22	444	0	11
2026.07.22	15:49:00	4120.22	4120.78	4118.71	4118.79	424	0	13
2026.07.22	15:50:00	4118.79	4119.66	4118.42	4119.13	453	0	15
2026.07.22	15:51:00	4119.16	4119.49	4118.28	4118.53	312	0	18
2026.07.22	15:52:00	4118.53	4119.27	4117.65	4118.99	452	0	17
2026.07.22	15:53:00	4119.00	4119.22	4117.46	4117.46	335	0	10
2026.07.22	15:54:00	4117.54	4118.55	4116.74	4118.00	378	0	17
2026.07.22	15:55:00	4117.98	4118.14	4116.30	4118.05	336	0	20
2026.07.22	15:56:00	4118.07	4118.30	4106.52	4110.23	423	0	8
2026.07.22	15:57:00	4110.33	4114.30	4108.72	4113.89	669	0	8
2026.07.22	15:58:00	4113.89	4115.17	4113.11	4113.76	418	0	9
2026.07.22	15:59:00	4113.75	4115.25	4111.86	4112.81	455	0	7
2026.07.22	16:00:00	4112.95	4118.61	4112.64	4118.61	664	0	8
2026.07.22	16:01:00	4118.65	4120.44	4116.89	4117.02	477	0	8
2026.07.22	16:02:00	4116.99	4119.93	4116.82	4119.05	490	0	17
2026.07.22	16:03:00	4119.05	4119.53	4116.92	4118.45	503	0	15
2026.07.22	16:04:00	4118.47	4119.85	4117.26	4119.26	466	0	14
2026.07.22	16:05:00	4119.27	4119.27	4117.38	4118.66	542	0	14
2026.07.22	16:06:00	4118.69	4119.92	4118.16	4118.93	328	0	8
2026.07.22	16:07:00	4118.93	4119.11	4117.38	4117.98	494	0	24
2026.07.22	16:08:00	4118.00	4119.45	4117.91	4119.35	347	0	11
2026.07.22	16:09:00	4119.38	4121.26	4119.24	4121.08	474	0	10
2026.07.22	16:10:00	4121.11	4122.55	4120.37	4122.55	377	0	25
2026.07.22	16:11:00	4122.53	4124.72	4122.53	4123.14	507	0	8
2026.07.22	16:12:00	4123.14	4124.13	4122.85	4123.51	315	0	7
2026.07.22	16:13:00	4123.51	4124.40	4123.40	4123.75	316	0	20
2026.07.22	16:14:00	4123.75	4125.81	4123.43	4125.67	289	0	12
2026.07.22	16:15:00	4125.56	4126.31	4124.95	4125.90	443	0	10
2026.07.22	16:16:00	4125.88	4125.94	4125.19	4125.85	409	0	15
2026.07.22	16:17:00	4125.87	4127.01	4125.58	4125.70	471	0	8
2026.07.22	16:18:00	4125.68	4127.38	4125.20	4127.30	455	0	19
2026.07.22	16:19:00	4127.31	4131.38	4127.16	4130.64	529	0	8
2026.07.22	16:20:00	4130.75	4130.77	4129.04	4129.12	538	0	22
2026.07.22	16:21:00	4129.12	4130.97	4128.49	4130.93	381	0	17
2026.07.22	16:22:00	4130.95	4131.96	4130.54	4131.94	412	0	16
2026.07.22	16:23:00	4131.94	4133.72	4130.51	4133.52	474	0	10
2026.07.22	16:24:00	4133.47	4133.90	4132.29	4133.53	432	0	19
2026.07.22	16:25:00	4133.52	4133.98	4131.38	4132.72	556	0	12
2026.07.22	16:26:00	4132.77	4133.89	4132.13	4133.08	455	0	10
2026.07.22	16:27:00	4133.08	4133.95	4132.88	4133.73	352	0	16
2026.07.22	16:28:00	4133.76	4134.91	4131.45	4131.79	507	0	8
2026.07.22	16:29:00	4131.70	4132.19	4131.25	4131.65	309	0	9
2026.07.22	16:30:00	4131.78	4138.10	4131.78	4137.10	877	0	8
2026.07.22	16:31:00	4137.19	4144.47	4136.76	4140.83	808	0	8
2026.07.22	16:32:00	4140.83	4143.07	4139.89	4142.78	615	0	8
2026.07.22	16:33:00	4142.72	4146.81	4141.57	4143.21	642	0	7
2026.07.22	16:34:00	4143.19	4143.33	4141.06	4142.22	560	0	15
2026.07.22	16:35:00	4142.21	4142.79	4138.50	4140.64	782	0	9
2026.07.22	16:36:00	4140.64	4143.56	4139.20	4141.63	717	0	12
2026.07.22	16:37:00	4141.60	4141.84	4139.57	4141.36	635	0	11
2026.07.22	16:38:00	4141.38	4141.58	4139.06	4140.25	717	0	8
2026.07.22	16:39:00	4140.27	4145.54	4140.25	4144.31	743	0	7
2026.07.22	16:40:00	4144.32	4144.86	4140.84	4142.15	694	0	8
2026.07.22	16:41:00	4142.13	4143.13	4141.62	4142.44	696	0	10
2026.07.22	16:42:00	4142.39	4143.60	4141.30	4141.63	758	0	8
2026.07.22	16:43:00	4141.65	4145.97	4141.34	4145.76	776	0	8
2026.07.22	16:44:00	4145.76	4145.91	4142.02	4142.70	690	0	9
2026.07.22	16:45:00	4142.79	4146.27	4142.53	4146.02	782	0	8
2026.07.22	16:46:00	4146.01	4148.46	4145.15	4145.79	732	0	7
2026.07.22	16:47:00	4145.81	4146.85	4144.48	4146.15	659	0	9
2026.07.22	16:48:00	4146.16	4149.72	4145.76	4148.54	687	0	8
2026.07.22	16:49:00	4148.53	4148.87	4146.22	4146.22	577	0	8
2026.07.22	16:50:00	4146.30	4147.70	4145.13	4146.32	665	0	7
2026.07.22	16:51:00	4146.32	4147.70	4143.88	4144.46	709	0	16
2026.07.22	16:52:00	4144.50	4147.99	4144.44	4147.68	770	0	8
2026.07.22	16:53:00	4147.72	4148.15	4145.64	4145.84	729	0	8
2026.07.22	16:54:00	4145.84	4146.34	4144.17	4145.62	646	0	8
2026.07.22	16:55:00	4145.59	4146.47	4144.88	4145.15	671	0	13
2026.07.22	16:56:00	4145.12	4147.21	4144.54	4146.98	615	0	9
2026.07.22	16:57:00	4146.98	4149.69	4146.69	4149.60	603	0	10
2026.07.22	16:58:00	4149.59	4153.39	4149.51	4152.61	773	0	8
2026.07.22	16:59:00	4152.61	4155.81	4152.37	4154.43	801	0	7
2026.07.22	17:00:00	4154.61	4156.56	4153.24	4155.82	827	0	8
2026.07.22	17:01:00	4155.81	4161.35	4155.22	4160.88	755	0	8
2026.07.22	17:02:00	4160.86	4162.32	4159.77	4160.08	709	0	7
2026.07.22	17:03:00	4160.08	4161.51	4158.72	4160.78	709	0	8
2026.07.22	17:04:00	4160.82	4163.42	4156.50	4156.50	832	0	8
2026.07.22	17:05:00	4156.37	4157.14	4154.81	4154.98	690	0	8
2026.07.22	17:06:00	4155.01	4155.16	4153.25	4155.01	703	0	8
2026.07.22	17:07:00	4155.05	4157.66	4154.76	4156.93	604	0	8
2026.07.22	17:08:00	4156.90	4157.35	4154.71	4156.95	752	0	8
2026.07.22	17:09:00	4156.92	4158.95	4156.30	4156.61	621	0	7
2026.07.22	17:10:00	4156.63	4157.53	4155.39	4156.84	669	0	8
2026.07.22	17:11:00	4156.84	4158.93	4156.40	4157.64	648	0	13
2026.07.22	17:12:00	4157.63	4157.96	4156.43	4156.59	590	0	8
2026.07.22	17:13:00	4156.59	4158.10	4156.03	4157.34	659	0	9
2026.07.22	17:14:00	4157.34	4158.06	4156.15	4156.54	712	0	10
2026.07.22	17:15:00	4156.54	4156.58	4152.13	4152.96	721	0	8
2026.07.22	17:16:00	4152.94	4153.37	4151.61	4152.48	676	0	10
2026.07.22	17:17:00	4152.57	4152.94	4150.42	4152.16	774	0	8
2026.07.22	17:18:00	4152.18	4152.35	4149.46	4150.45	733	0	7
2026.07.22	17:19:00	4150.44	4152.27	4148.81	4149.03	643	0	10
2026.07.22	17:20:00	4149.06	4152.63	4148.64	4152.19	662	0	11
2026.07.22	17:21:00	4152.18	4152.61	4150.53	4150.83	678	0	11
2026.07.22	17:22:00	4150.84	4152.07	4150.37	4151.88	638	0	8
2026.07.22	17:23:00	4151.95	4151.95	4148.55	4150.02	668	0	14
2026.07.22	17:24:00	4150.01	4150.74	4148.73	4149.82	728	0	9
2026.07.22	17:25:00	4149.84	4150.43	4148.65	4148.82	625	0	11
2026.07.22	17:26:00	4148.82	4148.87	4144.34	4145.82	636	0	8
2026.07.22	17:27:00	4146.00	4147.84	4145.84	4146.51	645	0	8
2026.07.22	17:28:00	4146.30	4147.41	4145.54	4146.07	649	0	8
2026.07.22	17:29:00	4146.02	4147.03	4145.32	4146.34	667	0	15
2026.07.22	17:30:00	4146.38	4148.36	4146.18	4147.61	755	0	12
2026.07.22	17:31:00	4147.49	4150.90	4147.10	4150.62	723	0	17
2026.07.22	17:32:00	4150.69	4152.54	4149.96	4151.90	650	0	10
2026.07.22	17:33:00	4151.89	4151.89	4148.63	4148.89	597	0	15
2026.07.22	17:34:00	4148.82	4150.98	4148.64	4150.58	742	0	14
2026.07.22	17:35:00	4150.56	4151.75	4150.09	4150.68	690	0	17
2026.07.22	17:36:00	4150.73	4151.14	4148.72	4150.23	775	0	15
2026.07.22	17:37:00	4150.25	4151.82	4149.96	4150.80	755	0	9
2026.07.22	17:38:00	4150.80	4151.96	4150.06	4151.42	787	0	10
2026.07.22	17:39:00	4151.43	4151.95	4150.90	4151.94	586	0	10
2026.07.22	17:40:00	4151.90	4152.89	4150.86	4151.46	675	0	9
2026.07.22	17:41:00	4151.44	4151.77	4147.56	4147.85	731	0	16
2026.07.22	17:42:00	4147.89	4151.88	4147.50	4151.71	684	0	16
2026.07.22	17:43:00	4151.71	4151.95	4150.57	4151.86	635	0	14
2026.07.22	17:44:00	4151.86	4152.52	4150.51	4150.70	568	0	11
2026.07.22	17:45:00	4150.89	4152.82	4150.69	4151.76	657	0	8
2026.07.22	17:46:00	4151.75	4152.40	4150.27	4150.44	685	0	7
2026.07.22	17:47:00	4150.42	4150.81	4147.99	4148.56	664	0	8
2026.07.22	17:48:00	4148.49	4149.85	4148.48	4149.65	625	0	16
2026.07.22	17:49:00	4149.65	4149.65	4145.54	4148.16	707	0	10
2026.07.22	17:50:00	4148.20	4148.52	4146.35	4147.07	714	0	8
2026.07.22	17:51:00	4147.07	4147.86	4146.08	4147.75	691	0	8
2026.07.22	17:52:00	4147.74	4148.85	4147.23	4147.64	574	0	8
2026.07.22	17:53:00	4147.66	4148.73	4147.02	4147.39	605	0	8
2026.07.22	17:54:00	4147.41	4148.69	4146.91	4147.72	622	0	7
2026.07.22	17:55:00	4147.74	4147.80	4144.07	4145.43	713	0	8
2026.07.22	17:56:00	4145.41	4146.17	4144.86	4145.54	669	0	12
2026.07.22	17:57:00	4145.56	4148.60	4145.37	4148.56	657	0	13
2026.07.22	17:58:00	4148.56	4149.36	4148.19	4149.27	539	0	9
2026.07.22	17:59:00	4149.67	4149.88	4148.28	4148.45	506	0	9
2026.07.22	18:00:00	4148.43	4152.12	4148.43	4151.91	718	0	7
2026.07.22	18:01:00	4151.98	4152.35	4150.96	4151.29	679	0	16
2026.07.22	18:02:00	4151.26	4152.94	4150.98	4152.90	665	0	10
2026.07.22	18:03:00	4152.95	4154.28	4152.88	4153.72	653	0	9
2026.07.22	18:04:00	4153.72	4155.11	4153.33	4154.62	536	0	11
2026.07.22	18:05:00	4154.61	4155.60	4154.21	4154.63	541	0	10
2026.07.22	18:06:00	4154.65	4155.04	4153.65	4154.47	610	0	8
2026.07.22	18:07:00	4154.45	4156.33	4153.91	4155.59	669	0	8
2026.07.22	18:08:00	4155.62	4155.62	4154.69	4155.35	651	0	9
2026.07.22	18:09:00	4155.35	4155.65	4154.44	4154.79	580	0	11
2026.07.22	18:10:00	4154.79	4155.21	4154.15	4155.19	522	0	8
2026.07.22	18:11:00	4155.22	4156.84	4154.82	4156.65	501	0	13
2026.07.22	18:12:00	4156.63	4157.19	4156.10	4157.07	557	0	15
2026.07.22	18:13:00	4157.26	4157.88	4156.63	4157.88	427	0	19
2026.07.22	18:14:00	4157.88	4158.46	4157.35	4157.47	512	0	18
2026.07.22	18:15:00	4157.49	4157.62	4155.54	4155.71	521	0	14
2026.07.22	18:16:00	4155.68	4156.16	4155.03	4155.96	301	0	8
2026.07.22	18:17:00	4155.97	4156.59	4153.43	4153.49	310	0	9
2026.07.22	18:18:00	4153.45	4154.46	4153.23	4153.94	382	0	12
2026.07.22	18:19:00	4153.94	4155.69	4153.94	4155.00	504	0	16
2026.07.22	18:20:00	4155.06	4156.81	4154.23	4156.81	482	0	8
2026.07.22	18:21:00	4156.83	4157.19	4155.89	4156.00	411	0	11
2026.07.22	18:22:00	4155.99	4158.12	4155.94	4157.59	436	0	18
2026.07.22	18:23:00	4157.57	4161.16	4157.41	4160.88	433	0	10
2026.07.22	18:24:00	4160.90	4161.42	4159.72	4159.78	392	0	10
2026.07.22	18:25:00	4159.78	4160.30	4159.04	4159.45	437	0	13
2026.07.22	18:26:00	4159.45	4159.73	4158.79	4159.41	406	0	12
2026.07.22	18:27:00	4159.43	4159.56	4158.00	4158.38	443	0	15
2026.07.22	18:28:00	4158.43	4158.61	4156.39	4157.45	461	0	14
2026.07.22	18:29:00	4157.46	4157.87	4156.90	4157.12	393	0	21
2026.07.22	18:30:00	4157.12	4158.23	4156.12	4157.89	522	0	8
2026.07.22	18:31:00	4157.90	4158.37	4157.19	4157.57	449	0	10
2026.07.22	18:32:00	4157.57	4158.77	4157.40	4158.57	502	0	14
2026.07.22	18:33:00	4158.52	4158.70	4156.47	4157.37	468	0	8
2026.07.22	18:34:00	4157.44	4158.02	4156.54	4156.79	417	0	10
2026.07.22	18:35:00	4156.74	4158.14	4156.74	4157.98	499	0	17
2026.07.22	18:36:00	4157.98	4159.10	4157.31	4158.70	478	0	8
2026.07.22	18:37:00	4158.71	4158.84	4156.70	4157.70	445	0	9
2026.07.22	18:38:00	4157.73	4157.94	4155.62	4156.30	502	0	9
2026.07.22	18:39:00	4156.30	4157.33	4155.54	4157.33	505	0	8
2026.07.22	18:40:00	4157.48	4159.72	4157.14	4159.57	591	0	7
2026.07.22	18:41:00	4159.61	4160.93	4159.25	4159.76	503	0	9
2026.07.22	18:42:00	4159.75	4160.61	4159.59	4160.50	405	0	16
2026.07.22	18:43:00	4160.53	4160.81	4158.94	4159.78	472	0	8
2026.07.22	18:44:00	4159.81	4160.49	4159.31	4159.94	429	0	10
2026.07.22	18:45:00	4159.96	4160.92	4159.53	4160.61	511	0	12
2026.07.22	18:46:00	4160.60	4160.60	4158.93	4159.04	448	0	11
2026.07.22	18:47:00	4159.07	4159.78	4158.54	4159.68	432	0	13
2026.07.22	18:48:00	4159.81	4161.18	4159.64	4160.87	398	0	10
2026.07.22	18:49:00	4160.89	4165.18	4160.82	4164.38	617	0	8
2026.07.22	18:50:00	4164.42	4165.23	4163.75	4164.11	599	0	9
2026.07.22	18:51:00	4164.10	4165.31	4163.55	4164.70	575	0	9
2026.07.22	18:52:00	4164.73	4166.00	4164.37	4164.97	455	0	12
2026.07.22	18:53:00	4165.00	4165.77	4164.09	4165.08	343	0	15
2026.07.22	18:54:00	4165.10	4165.14	4162.35	4162.53	491	0	9
2026.07.22	18:55:00	4162.51	4162.51	4161.43	4162.02	553	0	12
2026.07.22	18:56:00	4162.02	4162.35	4158.49	4159.45	594	0	10
2026.07.22	18:57:00	4159.45	4159.86	4158.40	4159.83	578	0	12
2026.07.22	18:58:00	4159.80	4160.41	4159.46	4159.64	404	0	17
2026.07.22	18:59:00	4159.60	4160.07	4158.28	4159.37	418	0	15
2026.07.22	19:00:00	4159.39	4159.48	4157.85	4158.63	466	0	14
2026.07.22	19:01:00	4158.62	4158.62	4156.74	4157.66	539	0	9
2026.07.22	19:02:00	4157.75	4157.75	4156.03	4156.55	457	0	14
2026.07.22	19:03:00	4156.60	4158.00	4156.22	4157.80	616	0	9
2026.07.22	19:04:00	4157.81	4158.02	4156.39	4156.71	441	0	12
2026.07.22	19:05:00	4156.71	4158.06	4156.23	4158.06	483	0	14
2026.07.22	19:06:00	4158.06	4159.19	4157.89	4158.78	486	0	12
2026.07.22	19:07:00	4158.79	4158.92	4158.22	4158.32	414	0	13
2026.07.22	19:08:00	4158.28	4158.37	4157.06	4157.37	387	0	12
2026.07.22	19:09:00	4157.37	4157.80	4156.67	4156.79	352	0	19
2026.07.22	19:10:00	4156.79	4156.85	4154.56	4155.43	464	0	12
2026.07.22	19:11:00	4155.44	4155.78	4154.40	4154.56	352	0	11
2026.07.22	19:12:00	4154.58	4155.18	4153.92	4153.94	389	0	8
2026.07.22	19:13:00	4153.92	4154.92	4153.12	4154.92	372	0	13
2026.07.22	19:14:00	4154.91	4155.10	4153.73	4154.38	350	0	8
2026.07.22	19:15:00	4154.40	4155.03	4153.95	4154.73	334	0	21
2026.07.22	19:16:00	4154.73	4155.14	4152.78	4153.04	341	0	18
2026.07.22	19:17:00	4153.02	4153.65	4151.17	4153.50	416	0	8
2026.07.22	19:18:00	4153.39	4154.75	4153.31	4154.55	271	0	8
2026.07.22	19:19:00	4154.57	4155.39	4154.56	4154.97	322	0	23
2026.07.22	19:20:00	4154.95	4155.55	4154.33	4154.47	345	0	20
2026.07.22	19:21:00	4154.47	4154.98	4154.13	4154.50	362	0	26
2026.07.22	19:22:00	4154.48	4154.63	4153.16	4153.23	356	0	13
2026.07.22	19:23:00	4153.21	4153.57	4152.96	4153.04	295	0	11
2026.07.22	19:24:00	4153.04	4153.30	4152.16	4152.49	347	0	7
2026.07.22	19:25:00	4152.50	4152.65	4150.01	4150.56	398	0	7
2026.07.22	19:26:00	4150.54	4150.58	4148.76	4149.29	331	0	8
2026.07.22	19:27:00	4149.31	4150.72	4149.22	4150.32	273	0	11
2026.07.22	19:28:00	4150.30	4150.37	4147.87	4148.66	268	0	8
2026.07.22	19:29:00	4148.64	4149.28	4148.05	4149.14	173	0	19
2026.07.22	19:30:00	4149.10	4150.54	4148.72	4149.72	255	0	8
2026.07.22	19:31:00	4149.69	4150.49	4147.91	4148.24	276	0	13
2026.07.22	19:32:00	4148.24	4148.61	4146.88	4147.56	262	0	9
2026.07.22	19:33:00	4147.58	4147.84	4146.21	4146.90	270	0	12
2026.07.22	19:34:00	4146.90	4147.51	4146.02	4146.15	238	0	13
2026.07.22	19:35:00	4146.15	4148.05	4145.21	4145.92	275	0	10
2026.07.22	19:36:00	4145.94	4145.94	4144.80	4145.22	220	0	13
2026.07.22	19:37:00	4145.22	4147.11	4144.32	4147.11	275	0	14
2026.07.22	19:38:00	4147.09	4147.95	4146.23	4146.84	348	0	14
2026.07.22	19:39:00	4146.71	4149.06	4146.71	4148.43	350	0	15
2026.07.22	19:40:00	4148.41	4150.15	4148.13	4150.11	334	0	23
2026.07.22	19:41:00	4150.15	4151.35	4150.12	4150.43	375	0	20
2026.07.22	19:42:00	4150.35	4150.78	4149.24	4149.71	381	0	22
2026.07.22	19:43:00	4149.58	4150.01	4147.76	4147.79	380	0	12
2026.07.22	19:44:00	4147.71	4147.94	4146.47	4147.02	492	0	9
2026.07.22	19:45:00	4147.12	4148.51	4145.80	4146.06	535	0	13
2026.07.22	19:46:00	4146.08	4147.32	4145.74	4146.74	466	0	13
2026.07.22	19:47:00	4146.75	4147.05	4146.15	4146.56	353	0	7
2026.07.22	19:48:00	4146.55	4146.94	4146.10	4146.63	326	0	17
2026.07.22	19:49:00	4146.70	4147.51	4146.32	4147.00	329	0	12
2026.07.22	19:50:00	4146.92	4147.18	4145.56	4146.63	364	0	14
2026.07.22	19:51:00	4146.62	4146.82	4144.49	4145.20	458	0	18
2026.07.22	19:52:00	4145.21	4146.27	4144.65	4146.04	337	0	19
2026.07.22	19:53:00	4146.04	4147.05	4145.56	4147.01	361	0	18
2026.07.22	19:54:00	4147.01	4147.33	4146.47	4146.71	375	0	19
2026.07.22	19:55:00	4146.72	4146.95	4145.88	4146.78	376	0	11
2026.07.22	19:56:00	4146.78	4146.78	4146.01	4146.66	318	0	10
2026.07.22	19:57:00	4146.65	4148.68	4146.38	4148.30	358	0	8
2026.07.22	19:58:00	4148.37	4148.97	4147.93	4148.24	308	0	15
2026.07.22	19:59:00	4148.21	4148.33	4146.58	4146.79	248	0	16
2026.07.22	20:00:00	4146.79	4147.80	4146.02	4147.57	378	0	8
2026.07.22	20:01:00	4147.60	4147.76	4145.10	4145.12	406	0	22
2026.07.22	20:02:00	4145.07	4145.85	4144.39	4145.53	425	0	23
2026.07.22	20:03:00	4145.51	4146.58	4145.34	4146.44	387	0	17
2026.07.22	20:04:00	4146.44	4147.14	4145.63	4146.99	410	0	15
2026.07.22	20:05:00	4146.99	4147.30	4146.16	4146.24	351	0	17
2026.07.22	20:06:00	4146.21	4146.26	4144.24	4145.94	434	0	8
2026.07.22	20:07:00	4145.97	4146.56	4145.49	4145.88	305	0	20
2026.07.22	20:08:00	4145.83	4145.92	4142.96	4144.03	482	0	19
2026.07.22	20:09:00	4144.03	4144.57	4143.49	4144.34	397	0	7
2026.07.22	20:10:00	4144.30	4144.65	4144.04	4144.07	278	0	8
2026.07.22	20:11:00	4144.07	4144.99	4143.16	4144.22	385	0	9
2026.07.22	20:12:00	4144.22	4144.78	4143.99	4144.67	276	0	12
2026.07.22	20:13:00	4144.67	4145.67	4144.54	4144.92	343	0	17
2026.07.22	20:14:00	4144.93	4145.88	4144.56	4145.34	373	0	14
2026.07.22	20:15:00	4145.22	4145.86	4144.69	4145.19	413	0	18
2026.07.22	20:16:00	4145.28	4145.76	4143.75	4144.62	346	0	7
2026.07.22	20:17:00	4144.62	4144.80	4142.94	4143.52	424	0	20
2026.07.22	20:18:00	4143.62	4144.61	4143.41	4143.48	385	0	14
2026.07.22	20:19:00	4143.48	4143.68	4142.77	4142.99	376	0	13
2026.07.22	20:20:00	4142.95	4144.47	4142.66	4144.44	417	0	11
2026.07.22	20:21:00	4144.44	4144.64	4143.36	4143.49	351	0	13
2026.07.22	20:22:00	4143.47	4144.84	4143.47	4144.81	320	0	21
2026.07.22	20:23:00	4144.81	4145.59	4144.42	4145.25	352	0	11
2026.07.22	20:24:00	4145.23	4145.67	4143.41	4143.58	464	0	10
2026.07.22	20:25:00	4143.56	4144.50	4143.20	4144.45	369	0	12
2026.07.22	20:26:00	4144.50	4144.97	4143.82	4144.59	287	0	12
2026.07.22	20:27:00	4144.57	4146.10	4144.56	4145.59	284	0	15
2026.07.22	20:28:00	4145.58	4146.20	4144.96	4145.96	334	0	8
2026.07.22	20:29:00	4145.93	4147.09	4145.36	4146.04	627	0	8
2026.07.22	20:30:00	4146.06	4146.06	4144.30	4145.05	389	0	11
2026.07.22	20:31:00	4145.04	4146.08	4144.55	4146.03	303	0	19
2026.07.22	20:32:00	4146.05	4147.53	4146.05	4147.29	346	0	8
2026.07.22	20:33:00	4147.27	4147.30	4146.56	4146.63	341	0	20
2026.07.22	20:34:00	4146.66	4147.09	4144.74	4144.79	306	0	9
2026.07.22	20:35:00	4144.80	4145.75	4144.77	4145.01	349	0	20
2026.07.22	20:36:00	4145.00	4145.00	4141.91	4142.55	445	0	15
2026.07.22	20:37:00	4142.60	4142.67	4142.00	4142.31	286	0	11
2026.07.22	20:38:00	4142.36	4142.86	4139.99	4140.48	400	0	13
2026.07.22	20:39:00	4140.59	4140.67	4138.81	4138.98	464	0	16
2026.07.22	20:40:00	4139.01	4139.78	4138.35	4139.02	463	0	17
2026.07.22	20:41:00	4138.98	4139.43	4138.38	4139.25	380	0	19
2026.07.22	20:42:00	4139.39	4140.66	4139.18	4140.62	325	0	22
2026.07.22	20:43:00	4140.59	4140.94	4140.22	4140.78	331	0	24
2026.07.22	20:44:00	4140.86	4141.39	4140.35	4140.55	340	0	17
2026.07.22	20:45:00	4140.57	4141.85	4140.38	4141.20	262	0	10
2026.07.22	20:46:00	4141.21	4141.92	4140.90	4141.77	209	0	18
2026.07.22	20:47:00	4141.79	4141.79	4141.09	4141.68	313	0	12
2026.07.22	20:48:00	4141.72	4141.85	4140.57	4141.55	291	0	16
2026.07.22	20:49:00	4141.49	4143.43	4141.49	4143.16	344	0	16
2026.07.22	20:50:00	4143.16	4143.56	4142.69	4143.29	255	0	8
2026.07.22	20:51:00	4143.29	4143.71	4142.96	4142.98	244	0	10
2026.07.22	20:52:00	4143.08	4143.43	4142.17	4143.42	285	0	9
2026.07.22	20:53:00	4143.43	4143.73	4142.95	4143.34	275	0	9
2026.07.22	20:54:00	4143.31	4143.36	4142.62	4142.67	357	0	13
2026.07.22	20:55:00	4142.65	4142.65	4141.08	4142.64	405	0	12
2026.07.22	20:56:00	4142.68	4142.89	4142.26	4142.68	258	0	11
2026.07.22	20:57:00	4142.68	4143.17	4142.58	4143.06	185	0	20
2026.07.22	20:58:00	4143.02	4143.37	4142.51	4142.53	281	0	19
2026.07.22	20:59:00	4142.52	4143.04	4142.08	4142.37	212	0	11
2026.07.22	21:00:00	4142.35	4142.73	4140.56	4141.24	480	0	10
2026.07.22	21:01:00	4141.24	4141.24	4136.76	4136.86	489	0	8
2026.07.22	21:02:00	4136.97	4138.46	4136.97	4137.51	390	0	14
2026.07.22	21:03:00	4137.51	4138.22	4137.23	4137.72	387	0	9
2026.07.22	21:04:00	4137.74	4137.83	4136.62	4137.61	420	0	9
2026.07.22	21:05:00	4137.63	4139.27	4137.37	4139.13	253	0	18
2026.07.22	21:06:00	4139.00	4139.68	4137.58	4139.33	282	0	9
2026.07.22	21:07:00	4139.33	4141.15	4139.07	4140.99	328	0	16
2026.07.22	21:08:00	4141.02	4141.46	4140.57	4140.59	313	0	16
2026.07.22	21:09:00	4140.58	4140.58	4139.18	4139.22	363	0	21
2026.07.22	21:10:00	4139.19	4140.53	4138.66	4139.81	413	0	17
2026.07.22	21:11:00	4139.81	4140.07	4139.10	4139.15	354	0	23
2026.07.22	21:12:00	4139.13	4139.19	4137.49	4137.95	340	0	8
2026.07.22	21:13:00	4137.95	4138.97	4137.94	4138.64	254	0	16
2026.07.22	21:14:00	4138.63	4138.97	4137.90	4138.09	370	0	21
2026.07.22	21:15:00	4138.05	4138.31	4137.49	4137.76	338	0	20
2026.07.22	21:16:00	4137.77	4137.92	4136.61	4137.43	456	0	8
2026.07.22	21:17:00	4137.52	4138.82	4137.52	4138.32	300	0	16
2026.07.22	21:18:00	4138.32	4139.10	4138.31	4138.89	247	0	22
2026.07.22	21:19:00	4138.84	4138.98	4137.87	4138.80	313	0	17
2026.07.22	21:20:00	4138.82	4139.40	4138.14	4139.29	396	0	10
2026.07.22	21:21:00	4139.31	4139.72	4137.00	4137.09	470	0	16
2026.07.22	21:22:00	4137.08	4137.23	4135.18	4135.42	444	0	13
2026.07.22	21:23:00	4135.48	4135.99	4135.08	4135.98	365	0	18
2026.07.22	21:24:00	4135.98	4137.09	4135.86	4136.66	354	0	22
2026.07.22	21:25:00	4136.66	4136.81	4135.65	4136.46	340	0	19
2026.07.22	21:26:00	4136.46	4136.74	4136.13	4136.29	259	0	19
2026.07.22	21:27:00	4136.30	4136.63	4135.45	4136.40	321	0	20
2026.07.22	21:28:00	4136.39	4136.69	4135.02	4135.29	487	0	15
2026.07.22	21:29:00	4135.28	4135.52	4134.65	4135.14	431	0	14
2026.07.22	21:30:00	4135.13	4135.54	4133.49	4134.53	623	0	8
2026.07.22	21:31:00	4134.53	4134.63	4133.09	4133.92	397	0	18
2026.07.22	21:32:00	4133.92	4134.40	4133.21	4133.68	385	0	18
2026.07.22	21:33:00	4133.68	4135.59	4133.53	4134.46	418	0	8
2026.07.22	21:34:00	4134.48	4134.56	4131.86	4132.76	420	0	18
2026.07.22	21:35:00	4132.76	4134.52	4132.60	4134.51	354	0	8
2026.07.22	21:36:00	4134.49	4135.50	4134.19	4135.48	419	0	8
2026.07.22	21:37:00	4135.49	4135.89	4135.20	4135.80	322	0	16
2026.07.22	21:38:00	4135.84	4136.12	4135.06	4135.09	288	0	17
2026.07.22	21:39:00	4135.09	4135.95	4135.09	4135.77	274	0	18
2026.07.22	21:40:00	4135.76	4136.19	4134.04	4134.57	408	0	8
2026.07.22	21:41:00	4134.56	4135.23	4133.77	4135.14	521	0	8
2026.07.22	21:42:00	4135.13	4135.35	4134.24	4134.79	457	0	8
2026.07.22	21:43:00	4134.79	4135.94	4134.70	4135.86	323	0	7
2026.07.22	21:44:00	4135.85	4136.26	4135.44	4135.81	294	0	7
2026.07.22	21:45:00	4135.87	4136.76	4135.28	4136.70	386	0	10
2026.07.22	21:46:00	4136.69	4138.09	4136.54	4137.79	368	0	8
2026.07.22	21:47:00	4137.79	4138.06	4137.41	4137.59	273	0	7
2026.07.22	21:48:00	4137.47	4138.32	4137.36	4138.12	311	0	7
2026.07.22	21:49:00	4138.08	4138.24	4137.00	4137.53	368	0	8
2026.07.22	21:50:00	4137.53	4137.99	4137.40	4137.75	343	0	10
2026.07.22	21:51:00	4137.76	4138.83	4137.73	4138.43	373	0	13
2026.07.22	21:52:00	4138.42	4138.49	4137.87	4138.31	275	0	20
2026.07.22	21:53:00	4138.28	4138.45	4137.65	4137.79	252	0	14
2026.07.22	21:54:00	4137.81	4138.34	4137.45	4137.54	315	0	9
2026.07.22	21:55:00	4137.53	4137.91	4137.09	4137.77	300	0	15
2026.07.22	21:56:00	4137.78	4138.03	4136.73	4137.28	296	0	19
2026.07.22	21:57:00	4137.26	4137.37	4137.05	4137.36	203	0	18
2026.07.22	21:58:00	4137.40	4137.40	4136.13	4136.20	211	0	19
2026.07.22	21:59:00	4136.22	4136.38	4135.85	4136.02	291	0	17
2026.07.22	22:00:00	4135.90	4136.12	4135.07	4135.16	394	0	18
2026.07.22	22:01:00	4135.16	4135.26	4133.03	4133.36	465	0	17
2026.07.22	22:02:00	4133.39	4133.90	4133.20	4133.50	339	0	17
2026.07.22	22:03:00	4133.48	4134.56	4133.45	4134.54	398	0	15
2026.07.22	22:04:00	4134.55	4135.20	4134.43	4134.94	330	0	18
2026.07.22	22:05:00	4134.98	4136.81	4134.98	4136.39	413	0	11
2026.07.22	22:06:00	4136.37	4136.77	4136.12	4136.59	291	0	17
2026.07.22	22:07:00	4136.56	4137.17	4135.90	4136.02	341	0	14
2026.07.22	22:08:00	4136.01	4136.63	4135.53	4135.80	278	0	18
2026.07.22	22:09:00	4135.80	4136.12	4135.45	4135.58	213	0	19
2026.07.22	22:10:00	4135.52	4135.80	4135.01	4135.03	217	0	17
2026.07.22	22:11:00	4135.03	4135.14	4134.56	4135.03	256	0	14
2026.07.22	22:12:00	4135.01	4135.30	4134.73	4134.87	198	0	18
2026.07.22	22:13:00	4134.99	4135.51	4134.28	4134.41	238	0	8
2026.07.22	22:14:00	4134.43	4134.67	4134.00	4134.04	145	0	12
2026.07.22	22:15:00	4134.04	4134.57	4133.18	4134.30	347	0	9
2026.07.22	22:16:00	4134.34	4135.40	4134.34	4135.29	287	0	11
2026.07.22	22:17:00	4135.29	4135.45	4134.11	4134.22	305	0	8
2026.07.22	22:18:00	4134.22	4134.26	4133.37	4133.74	269	0	15
2026.07.22	22:19:00	4133.74	4134.34	4133.69	4134.22	209	0	16
2026.07.22	22:20:00	4134.23	4134.27	4133.48	4133.49	283	0	8
2026.07.22	22:21:00	4133.25	4133.53	4131.63	4132.29	299	0	8
2026.07.22	22:22:00	4132.29	4133.35	4132.13	4133.30	264	0	14
2026.07.22	22:23:00	4133.33	4134.94	4133.33	4134.56	347	0	12
2026.07.22	22:24:00	4134.55	4134.86	4134.16	4134.21	243	0	12
2026.07.22	22:25:00	4134.19	4134.70	4133.24	4133.40	320	0	8
2026.07.22	22:26:00	4133.40	4134.21	4133.24	4133.65	330	0	12
2026.07.22	22:27:00	4133.64	4133.71	4132.51	4133.05	350	0	10
2026.07.22	22:28:00	4133.00	4134.54	4132.99	4134.25	238	0	8
2026.07.22	22:29:00	4134.17	4134.99	4133.71	4134.42	155	0	10
2026.07.22	22:30:00	4134.36	4134.43	4132.58	4132.77	357	0	10
2026.07.22	22:31:00	4132.77	4133.42	4132.60	4133.26	267	0	9
2026.07.22	22:32:00	4133.26	4134.04	4133.22	4133.39	250	0	8
2026.07.22	22:33:00	4133.39	4135.55	4133.39	4134.70	185	0	10
2026.07.22	22:34:00	4134.73	4136.18	4134.14	4135.62	239	0	10
2026.07.22	22:35:00	4135.60	4136.07	4135.07	4135.86	206	0	10
2026.07.22	22:36:00	4135.86	4135.92	4134.26	4134.51	260	0	8
2026.07.22	22:37:00	4134.51	4134.65	4133.57	4134.51	243	0	11
2026.07.22	22:38:00	4134.52	4135.09	4134.27	4134.68	223	0	19
2026.07.22	22:39:00	4134.68	4134.68	4133.99	4134.49	226	0	13
2026.07.22	22:40:00	4134.47	4134.76	4134.12	4134.66	212	0	8
2026.07.22	22:41:00	4134.66	4135.29	4134.34	4135.27	258	0	13
2026.07.22	22:42:00	4135.27	4135.59	4135.01	4135.21	266	0	10
2026.07.22	22:43:00	4135.22	4135.96	4135.07	4135.81	289	0	9
2026.07.22	22:44:00	4135.77	4135.81	4133.61	4133.88	300	0	8
2026.07.22	22:45:00	4133.87	4134.49	4133.31	4133.49	398	0	8
2026.07.22	22:46:00	4133.45	4134.27	4133.19	4133.65	337	0	17
2026.07.22	22:47:00	4133.66	4134.43	4133.52	4134.08	285	0	13
2026.07.22	22:48:00	4134.11	4134.72	4133.59	4134.60	272	0	18
2026.07.22	22:49:00	4134.64	4135.12	4134.60	4135.06	281	0	17
2026.07.22	22:50:00	4135.12	4135.31	4133.33	4133.48	397	0	8
2026.07.22	22:51:00	4133.46	4133.74	4132.21	4132.88	358	0	11
2026.07.22	22:52:00	4132.79	4133.16	4131.66	4132.70	317	0	11
2026.07.22	22:53:00	4132.70	4132.75	4131.21	4131.88	312	0	10
2026.07.22	22:54:00	4131.88	4131.88	4128.89	4130.51	426	0	8
2026.07.22	22:55:00	4130.52	4131.44	4129.88	4131.17	414	0	16
2026.07.22	22:56:00	4131.17	4131.67	4130.27	4130.97	336	0	12
2026.07.22	22:57:00	4130.96	4131.77	4130.43	4130.90	385	0	11
2026.07.22	22:58:00	4130.87	4132.16	4130.71	4132.09	342	0	11
2026.07.22	22:59:00	4132.16	4132.91	4131.39	4131.84	411	0	11
2026.07.23	01:00:00	4123.93	4123.93	4087.25	4116.91	259	0	21
2026.07.23	01:01:00	4116.91	4123.72	4116.88	4119.98	381	0	86
2026.07.23	01:02:00	4119.90	4121.08	4116.61	4119.62	348	0	23
2026.07.23	01:03:00	4119.68	4122.75	4118.73	4118.77	258	0	30
2026.07.23	01:04:00	4119.24	4120.66	4117.29	4120.49	123	0	24
2026.07.23	01:05:00	4120.82	4122.42	4119.46	4121.32	288	0	22
2026.07.23	01:06:00	4121.54	4124.51	4121.11	4122.79	120	0	23
2026.07.23	01:07:00	4122.74	4125.62	4121.12	4123.62	166	0	15
2026.07.23	01:08:00	4123.62	4124.07	4121.54	4121.57	101	0	8
2026.07.23	01:09:00	4121.57	4123.28	4121.57	4123.17	76	0	9
2026.07.23	01:10:00	4123.21	4123.28	4121.68	4121.74	125	0	15
2026.07.23	01:11:00	4121.74	4122.84	4121.23	4122.65	86	0	12
2026.07.23	01:12:00	4122.71	4123.31	4121.52	4121.61	105	0	8
2026.07.23	01:13:00	4121.72	4122.74	4120.99	4122.65	95	0	40
2026.07.23	01:14:00	4122.70	4123.62	4122.62	4123.62	96	0	35
2026.07.23	01:15:00	4124.02	4124.94	4123.08	4124.23	213	0	35
2026.07.23	01:16:00	4124.23	4125.28	4123.37	4123.37	150	0	25
2026.07.23	01:17:00	4123.31	4123.97	4120.69	4120.98	276	0	20
2026.07.23	01:18:00	4121.21	4122.10	4120.70	4121.07	260	0	16
2026.07.23	01:19:00	4121.32	4125.02	4120.77	4123.95	274	0	14
2026.07.23	01:20:00	4123.78	4125.94	4122.89	4125.28	372	0	8
2026.07.23	01:21:00	4125.31	4125.41	4122.58	4122.58	280	0	8
2026.07.23	01:22:00	4122.56	4122.71	4122.00	4122.46	198	0	8
2026.07.23	01:23:00	4122.55	4124.77	4122.55	4123.93	218	0	9
2026.07.23	01:24:00	4123.93	4123.93	4122.62	4122.96	158	0	8
2026.07.23	01:25:00	4122.98	4125.80	4122.68	4125.04	348	0	8
2026.07.23	01:26:00	4125.04	4128.09	4124.94	4127.94	282	0	9
2026.07.23	01:27:00	4127.94	4127.95	4127.07	4127.46	187	0	8
2026.07.23	01:28:00	4127.48	4128.81	4126.41	4126.43	226	0	7
2026.07.23	01:29:00	4126.86	4128.73	4126.55	4128.65	199	0	9
2026.07.23	01:30:00	4128.68	4129.82	4128.50	4128.78	254	0	9
2026.07.23	01:31:00	4128.72	4129.03	4127.10	4127.46	227	0	12
2026.07.23	01:32:00	4127.30	4127.41	4126.07	4126.84	225	0	8
2026.07.23	01:33:00	4126.86	4127.36	4126.22	4126.82	162	0	10
2026.07.23	01:34:00	4126.79	4126.84	4125.58	4125.68	168	0	8
2026.07.23	01:35:00	4125.68	4126.06	4124.01	4126.06	226	0	17
2026.07.23	01:36:00	4126.08	4126.55	4125.11	4125.23	282	0	12
2026.07.23	01:37:00	4125.25	4127.98	4124.37	4127.49	259	0	13
2026.07.23	01:38:00	4127.49	4127.98	4126.12	4126.36	269	0	9
2026.07.23	01:39:00	4126.36	4127.24	4125.48	4125.52	248	0	8
2026.07.23	01:40:00	4125.55	4126.05	4121.60	4121.91	283	0	8
2026.07.23	01:41:00	4121.91	4123.50	4119.91	4122.73	387	0	12
2026.07.23	01:42:00	4122.67	4123.68	4122.58	4123.23	217	0	11
2026.07.23	01:43:00	4123.22	4123.48	4122.32	4122.34	125	0	19
2026.07.23	01:44:00	4122.28	4123.04	4120.80	4121.50	222	0	13
2026.07.23	01:45:00	4121.43	4122.17	4120.59	4121.96	221	0	15
2026.07.23	01:46:00	4121.97	4123.21	4121.36	4122.04	263	0	10
2026.07.23	01:47:00	4122.06	4124.48	4121.86	4124.10	197	0	8
2026.07.23	01:48:00	4124.10	4124.73	4124.03	4124.56	158	0	7
2026.07.23	01:49:00	4124.46	4125.62	4124.41	4124.61	231	0	13
2026.07.23	01:50:00	4124.55	4124.92	4121.10	4122.63	297	0	10
2026.07.23	01:51:00	4122.69	4125.37	4121.91	4125.35	302	0	8
2026.07.23	01:52:00	4125.35	4125.95	4124.08	4125.48	322	0	8
2026.07.23	01:53:00	4125.45	4126.01	4124.18	4124.44	371	0	8
2026.07.23	01:54:00	4124.44	4124.47	4123.00	4123.47	299	0	8
2026.07.23	01:55:00	4123.52	4124.68	4121.91	4123.21	289	0	8
2026.07.23	01:56:00	4123.21	4126.70	4122.53	4123.21	327	0	17
2026.07.23	01:57:00	4123.26	4123.89	4122.38	4123.62	252	0	10
2026.07.23	01:58:00	4123.76	4124.30	4122.27	4122.93	281	0	7
2026.07.23	01:59:00	4122.93	4123.98	4120.68	4121.65	361	0	8
2026.07.23	02:00:00	4121.65	4122.39	4117.65	4118.83	413	0	12
2026.07.23	02:01:00	4118.85	4121.94	4117.40	4120.17	364	0	17
2026.07.23	02:02:00	4120.14	4122.85	4118.34	4121.14	341	0	25
2026.07.23	02:03:00	4121.24	4121.24	4117.13	4118.36	299	0	25
2026.07.23	02:04:00	4118.34	4118.62	4117.39	4118.57	227	0	28
2026.07.23	02:05:00	4118.57	4119.10	4117.33	4117.56	174	0	27
2026.07.23	02:06:00	4117.58	4117.60	4116.79	4117.32	246	0	14
2026.07.23	02:07:00	4117.20	4118.13	4116.45	4117.81	245	0	11
2026.07.23	02:08:00	4117.83	4118.94	4117.48	4118.45	323	0	13
2026.07.23	02:09:00	4118.43	4118.68	4117.99	4118.23	225	0	17
2026.07.23	02:10:00	4118.23	4118.82	4116.59	4117.19	259	0	7
2026.07.23	02:11:00	4117.19	4118.37	4116.93	4116.93	294	0	8
2026.07.23	02:12:00	4117.04	4118.82	4116.80	4118.61	342	0	19
2026.07.23	02:13:00	4118.61	4124.74	4118.61	4124.72	350	0	22
2026.07.23	02:14:00	4124.71	4124.71	4122.57	4123.90	206	0	22
2026.07.23	02:15:00	4123.86	4124.11	4120.78	4121.46	269	0	23
2026.07.23	02:16:00	4121.28	4121.64	4119.77	4121.19	219	0	30
2026.07.23	02:17:00	4121.18	4122.35	4121.13	4121.68	179	0	30
2026.07.23	02:18:00	4121.68	4122.54	4121.38	4121.44	136	0	31
2026.07.23	02:19:00	4121.46	4121.46	4119.85	4120.47	132	0	30
2026.07.23	02:20:00	4120.43	4121.02	4119.34	4120.99	188	0	30
2026.07.23	02:21:00	4121.12	4122.16	4120.08	4120.38	150	0	31
2026.07.23	02:22:00	4120.35	4121.37	4120.35	4120.50	77	0	24
2026.07.23	02:23:00	4120.46	4120.72	4120.32	4120.41	92	0	31
2026.07.23	02:24:00	4120.43	4120.70	4120.30	4120.66	37	0	31
2026.07.23	02:25:00	4120.66	4120.74	4119.53	4119.60	103	0	27
2026.07.23	02:26:00	4119.61	4122.53	4119.33	4120.80	228	0	16
2026.07.23	02:27:00	4120.80	4121.50	4119.58	4119.67	129	0	28
2026.07.23	02:28:00	4119.68	4120.43	4119.15	4120.02	266	0	21
2026.07.23	02:29:00	4120.02	4120.95	4119.62	4119.95	190	0	9
2026.07.23	02:30:00	4120.00	4120.14	4119.18	4119.48	120	0	8
2026.07.23	02:31:00	4119.48	4120.06	4119.08	4119.82	140	0	28
2026.07.23	02:32:00	4119.82	4120.33	4119.29	4120.16	123	0	17
2026.07.23	02:33:00	4120.16	4122.50	4119.90	4121.11	191	0	14
2026.07.23	02:34:00	4121.11	4121.15	4120.40	4120.50	108	0	28
2026.07.23	02:35:00	4120.47	4120.53	4119.89	4120.06	141	0	28
2026.07.23	02:36:00	4120.35	4122.36	4120.35	4121.19	191	0	23
2026.07.23	02:37:00	4121.16	4123.52	4121.16	4122.90	211	0	24
2026.07.23	02:38:00	4122.99	4123.12	4122.31	4122.43	115	0	32
2026.07.23	02:39:00	4122.43	4123.66	4121.41	4121.52	179	0	11
2026.07.23	02:40:00	4121.53	4122.32	4121.48	4122.20	112	0	30
2026.07.23	02:41:00	4122.23	4122.23	4121.49	4122.01	118	0	31
2026.07.23	02:42:00	4121.94	4122.42	4121.13	4121.66	176	0	32
2026.07.23	02:43:00	4121.66	4124.54	4121.66	4124.19	193	0	18
2026.07.23	02:44:00	4124.23	4124.23	4122.64	4123.63	173	0	21
2026.07.23	02:45:00	4123.58	4126.04	4122.89	4126.00	341	0	12
2026.07.23	02:46:00	4125.87	4129.57	4124.91	4129.47	372	0	9
2026.07.23	02:47:00	4129.47	4130.38	4128.90	4130.00	268	0	11
2026.07.23	02:48:00	4130.00	4131.64	4129.43	4131.54	234	0	29
2026.07.23	02:49:00	4131.25	4131.33	4129.53	4129.75	245	0	31
2026.07.23	02:50:00	4129.65	4130.21	4129.07	4129.50	222	0	20
2026.07.23	02:51:00	4129.50	4129.96	4128.68	4129.83	331	0	18
2026.07.23	02:52:00	4129.85	4130.95	4129.49	4130.82	446	0	9
2026.07.23	02:53:00	4130.80	4130.91	4129.59	4129.78	484	0	15
2026.07.23	02:54:00	4129.77	4131.75	4128.93	4131.28	477	0	9
2026.07.23	02:55:00	4131.29	4132.40	4130.73	4132.15	432	0	18
2026.07.23	02:56:00	4132.14	4133.24	4132.07	4133.03	459	0	17
2026.07.23	02:57:00	4133.03	4133.16	4132.05	4133.07	332	0	15
2026.07.23	02:58:00	4132.96	4133.39	4132.17	4132.51	451	0	22
2026.07.23	02:59:00	4132.58	4134.32	4132.36	4133.35	389	0	18
2026.07.23	03:00:00	4133.42	4134.42	4132.04	4132.30	721	0	11
2026.07.23	03:01:00	4132.19	4132.31	4129.27	4130.27	564	0	18
2026.07.23	03:02:00	4130.23	4131.22	4128.26	4129.67	485	0	9
2026.07.23	03:03:00	4129.65	4130.84	4128.14	4128.40	422	0	10
2026.07.23	03:04:00	4128.38	4130.87	4128.37	4130.69	387	0	16
2026.07.23	03:05:00	4130.69	4131.12	4129.23	4129.66	326	0	26
2026.07.23	03:06:00	4129.66	4130.54	4128.59	4129.27	358	0	18
2026.07.23	03:07:00	4129.26	4129.28	4128.13	4128.43	373	0	21
2026.07.23	03:08:00	4128.43	4128.75	4127.13	4128.09	334	0	16
2026.07.23	03:09:00	4128.09	4129.55	4128.09	4128.90	277	0	13
2026.07.23	03:10:00	4128.92	4128.93	4127.09	4127.55	256	0	22
2026.07.23	03:11:00	4127.52	4128.03	4126.34	4127.48	334	0	17
2026.07.23	03:12:00	4127.48	4127.49	4126.10	4126.99	324	0	12
2026.07.23	03:13:00	4126.98	4127.55	4126.18	4126.24	319	0	17
2026.07.23	03:14:00	4126.24	4127.15	4126.21	4126.79	234	0	16
2026.07.23	03:15:00	4126.79	4128.40	4126.68	4127.28	329	0	19
2026.07.23	03:16:00	4127.27	4128.50	4126.66	4128.20	369	0	10
2026.07.23	03:17:00	4128.18	4129.21	4127.62	4127.91	359	0	23
2026.07.23	03:18:00	4127.81	4128.07	4127.00	4128.05	293	0	10
2026.07.23	03:19:00	4128.06	4128.47	4127.41	4128.26	271	0	24
2026.07.23	03:20:00	4128.26	4129.09	4127.54	4128.62	407	0	20
2026.07.23	03:21:00	4128.64	4128.86	4127.70	4128.40	313	0	24
2026.07.23	03:22:00	4128.43	4130.64	4128.12	4130.62	364	0	23
2026.07.23	03:23:00	4130.62	4132.29	4130.54	4131.10	463	0	23
2026.07.23	03:24:00	4131.12	4133.06	4130.81	4132.84	418	0	14
2026.07.23	03:25:00	4132.89	4133.25	4132.13	4132.46	422	0	21
2026.07.23	03:26:00	4132.47	4133.12	4132.10	4132.94	326	0	22
2026.07.23	03:27:00	4132.93	4134.68	4132.29	4133.35	364	0	15
2026.07.23	03:28:00	4133.32	4133.48	4131.17	4131.20	312	0	10
2026.07.23	03:29:00	4131.18	4131.51	4128.89	4129.20	385	0	12
2026.07.23	03:30:00	4129.13	4130.00	4128.08	4129.91	367	0	10
2026.07.23	03:31:00	4129.94	4130.06	4128.95	4129.52	281	0	12
2026.07.23	03:32:00	4129.52	4131.50	4129.05	4131.49	300	0	23
2026.07.23	03:33:00	4131.49	4131.71	4130.17	4130.58	302	0	17
2026.07.23	03:34:00	4130.61	4131.32	4129.32	4130.24	365	0	16
2026.07.23	03:35:00	4130.27	4131.41	4129.80	4130.74	362	0	17
2026.07.23	03:36:00	4130.77	4132.31	4130.68	4131.91	252	0	9
2026.07.23	03:37:00	4131.91	4132.31	4131.53	4131.97	242	0	9
2026.07.23	03:38:00	4131.97	4132.18	4130.55	4130.73	282	0	15
2026.07.23	03:39:00	4130.64	4130.70	4127.74	4128.39	320	0	13
2026.07.23	03:40:00	4128.39	4129.02	4127.67	4127.98	405	0	15
2026.07.23	03:41:00	4127.98	4129.07	4127.90	4128.80	313	0	12
2026.07.23	03:42:00	4128.81	4128.99	4127.11	4127.83	363	0	13
2026.07.23	03:43:00	4127.83	4128.12	4127.45	4127.79	251	0	23
2026.07.23	03:44:00	4127.77	4128.40	4127.70	4127.70	159	0	23
2026.07.23	03:45:00	4127.72	4130.06	4127.51	4129.96	472	0	20
2026.07.23	03:46:00	4129.97	4130.10	4128.33	4128.94	327	0	22
2026.07.23	03:47:00	4128.92	4128.94	4127.53	4127.54	294	0	8
2026.07.23	03:48:00	4127.58	4127.67	4126.89	4127.48	265	0	23
2026.07.23	03:49:00	4127.48	4127.78	4126.92	4127.12	234	0	19
2026.07.23	03:50:00	4127.15	4127.72	4125.62	4125.62	266	0	15
2026.07.23	03:51:00	4125.62	4126.16	4125.00	4125.58	420	0	18
2026.07.23	03:52:00	4125.58	4126.42	4125.20	4126.23	309	0	15
2026.07.23	03:53:00	4126.23	4127.55	4125.96	4127.52	263	0	15
2026.07.23	03:54:00	4127.52	4129.43	4127.40	4129.02	327	0	9
2026.07.23	03:55:00	4128.99	4129.85	4128.32	4128.60	376	0	23
2026.07.23	03:56:00	4128.62	4128.68	4127.52	4128.15	360	0	21
2026.07.23	03:57:00	4128.15	4129.18	4127.93	4129.18	255	0	16
2026.07.23	03:58:00	4129.18	4129.76	4129.02	4129.53	346	0	22
2026.07.23	03:59:00	4129.46	4133.32	4129.46	4132.14	499	0	16
2026.07.23	04:00:00	4132.11	4138.79	4131.89	4137.48	859	0	8
2026.07.23	04:01:00	4137.47	4138.96	4136.98	4137.52	732	0	8
2026.07.23	04:02:00	4137.52	4138.06	4133.36	4133.78	698	0	8
2026.07.23	04:03:00	4133.78	4133.85	4129.78	4132.79	762	0	11
2026.07.23	04:04:00	4132.78	4133.43	4130.84	4132.99	675	0	11
2026.07.23	04:05:00	4132.93	4134.66	4131.94	4134.66	627	0	13
2026.07.23	04:06:00	4134.60	4134.68	4131.09	4131.41	685	0	10
2026.07.23	04:07:00	4131.41	4133.03	4130.97	4132.93	609	0	18
2026.07.23	04:08:00	4132.95	4132.98	4130.68	4130.75	504	0	8
2026.07.23	04:09:00	4130.75	4133.73	4130.53	4133.72	473	0	13
2026.07.23	04:10:00	4133.69	4135.04	4131.91	4133.16	651	0	11
2026.07.23	04:11:00	4133.16	4135.26	4133.10	4135.25	513	0	22
2026.07.23	04:12:00	4135.25	4137.27	4134.37	4136.52	562	0	7
2026.07.23	04:13:00	4136.52	4137.11	4135.65	4136.09	544	0	16
2026.07.23	04:14:00	4136.11	4136.44	4134.03	4134.64	570	0	9
2026.07.23	04:15:00	4134.56	4136.12	4133.63	4135.56	563	0	8
2026.07.23	04:16:00	4135.55	4137.53	4134.96	4137.45	487	0	7
2026.07.23	04:17:00	4137.43	4137.76	4134.90	4135.55	434	0	8
2026.07.23	04:18:00	4135.58	4136.78	4134.30	4136.21	465	0	8
2026.07.23	04:19:00	4136.21	4137.31	4135.52	4135.90	391	0	9
2026.07.23	04:20:00	4135.90	4135.97	4134.83	4135.81	426	0	10
2026.07.23	04:21:00	4135.82	4138.53	4135.73	4137.70	468	0	8
2026.07.23	04:22:00	4137.91	4139.12	4136.95	4139.04	505	0	8
2026.07.23	04:23:00	4139.02	4140.09	4138.47	4138.58	540	0	14
2026.07.23	04:24:00	4138.58	4139.59	4137.48	4137.70	572	0	10
2026.07.23	04:25:00	4137.68	4138.44	4136.66	4137.91	466	0	8
2026.07.23	04:26:00	4137.92	4139.78	4137.72	4139.10	257	0	8
2026.07.23	04:27:00	4139.11	4141.03	4138.41	4138.59	398	0	8
2026.07.23	04:28:00	4138.59	4138.65	4136.80	4137.26	406	0	8
2026.07.23	04:29:00	4137.26	4138.03	4136.73	4137.46	353	0	8
2026.07.23	04:30:00	4137.48	4139.26	4128.86	4129.69	778	0	8
2026.07.23	04:31:00	4129.69	4132.44	4129.63	4131.06	623	0	8
2026.07.23	04:32:00	4130.93	4134.24	4130.54	4133.72	608	0	18
2026.07.23	04:33:00	4133.93	4134.65	4131.84	4134.35	665	0	24
2026.07.23	04:34:00	4134.37	4135.41	4133.12	4133.22	608	0	8
2026.07.23	04:35:00	4133.23	4133.75	4129.30	4130.61	676	0	8
2026.07.23	04:36:00	4130.63	4130.94	4126.30	4126.48	692	0	13
2026.07.23	04:37:00	4126.48	4126.99	4123.04	4125.43	750	0	8
2026.07.23	04:38:00	4125.41	4125.67	4123.72	4124.42	621	0	10
2026.07.23	04:39:00	4124.42	4125.80	4122.88	4123.09	662	0	11
2026.07.23	04:40:00	4123.07	4125.78	4122.96	4125.60	684	0	11
2026.07.23	04:41:00	4125.60	4126.21	4124.29	4126.02	582	0	10
2026.07.23	04:42:00	4125.98	4127.55	4125.22	4125.40	592	0	9
2026.07.23	04:43:00	4125.40	4125.78	4124.33	4125.53	614	0	9
2026.07.23	04:44:00	4125.54	4125.89	4121.41	4121.52	526	0	8
2026.07.23	04:45:00	4121.49	4123.49	4121.12	4123.18	566	0	8
2026.07.23	04:46:00	4123.20	4123.66	4120.67	4120.84	572	0	8
2026.07.23	04:47:00	4120.84	4122.10	4120.38	4120.40	629	0	16
2026.07.23	04:48:00	4120.40	4120.81	4117.99	4118.65	600	0	9
2026.07.23	04:49:00	4118.68	4121.78	4118.63	4121.56	529	0	8
2026.07.23	04:50:00	4121.57	4122.45	4120.52	4122.15	601	0	11
2026.07.23	04:51:00	4122.15	4122.43	4120.60	4120.87	522	0	11
2026.07.23	04:52:00	4120.88	4122.39	4120.64	4121.87	520	0	18
2026.07.23	04:53:00	4121.65	4121.65	4118.20	4118.30	590	0	16
2026.07.23	04:54:00	4118.27	4119.23	4117.90	4118.67	556	0	13
2026.07.23	04:55:00	4118.67	4118.82	4117.43	4118.27	553	0	9
2026.07.23	04:56:00	4118.29	4119.13	4114.21	4114.44	617	0	8
2026.07.23	04:57:00	4114.41	4118.05	4114.25	4116.02	682	0	8
2026.07.23	04:58:00	4116.23	4117.92	4115.16	4117.79	508	0	8
2026.07.23	04:59:00	4117.96	4118.34	4117.28	4117.85	380	0	8
2026.07.23	05:00:00	4117.84	4118.75	4117.54	4117.71	495	0	8
2026.07.23	05:01:00	4117.72	4118.83	4116.19	4118.04	459	0	9
2026.07.23	05:02:00	4118.01	4118.08	4115.13	4115.68	434	0	9
2026.07.23	05:03:00	4115.65	4115.77	4113.65	4114.02	538	0	13
2026.07.23	05:04:00	4114.02	4114.99	4112.88	4113.82	534	0	12
2026.07.23	05:05:00	4113.84	4114.60	4112.11	4113.71	621	0	10
2026.07.23	05:06:00	4113.71	4115.56	4113.32	4115.12	469	0	14
2026.07.23	05:07:00	4115.10	4116.90	4114.78	4116.63	552	0	21
2026.07.23	05:08:00	4116.61	4116.63	4113.73	4114.27	418	0	15
2026.07.23	05:09:00	4114.25	4114.63	4113.40	4114.19	427	0	14
2026.07.23	05:10:00	4114.20	4116.38	4114.07	4116.07	376	0	10
2026.07.23	05:11:00	4115.99	4117.10	4114.99	4116.49	401	0	9
2026.07.23	05:12:00	4116.46	4117.64	4116.27	4117.24	375	0	8
2026.07.23	05:13:00	4117.18	4118.47	4116.73	4117.76	388	0	8
2026.07.23	05:14:00	4117.72	4117.75	4116.47	4117.67	437	0	16
2026.07.23	05:15:00	4117.75	4118.08	4114.83	4114.92	403	0	10
2026.07.23	05:16:00	4114.84	4116.38	4114.84	4115.77	348	0	22
2026.07.23	05:17:00	4115.73	4116.53	4114.25	4114.31	386	0	14
2026.07.23	05:18:00	4114.26	4115.17	4113.14	4115.02	305	0	9
2026.07.23	05:19:00	4115.03	4116.69	4114.59	4114.79	373	0	10
2026.07.23	05:20:00	4114.79	4115.73	4114.26	4114.81	360	0	16
2026.07.23	05:21:00	4114.82	4116.32	4114.50	4115.79	378	0	12
2026.07.23	05:22:00	4115.79	4116.98	4115.59	4115.82	323	0	14
2026.07.23	05:23:00	4115.82	4117.24	4113.46	4115.43	459	0	8
2026.07.23	05:24:00	4115.51	4116.77	4115.12	4116.29	329	0	20
2026.07.23	05:25:00	4116.27	4116.79	4114.53	4115.35	406	0	9
2026.07.23	05:26:00	4115.39	4116.15	4114.09	4116.15	404	0	9
2026.07.23	05:27:00	4116.20	4116.53	4114.73	4115.50	388	0	17
2026.07.23	05:28:00	4115.50	4117.08	4115.13	4116.05	367	0	16
2026.07.23	05:29:00	4116.05	4116.28	4115.66	4116.25	300	0	15
2026.07.23	05:30:00	4116.28	4119.44	4115.27	4118.87	698	0	7
2026.07.23	05:31:00	4118.87	4119.12	4117.04	4117.34	525	0	19
2026.07.23	05:32:00	4117.32	4118.56	4115.13	4115.47	520	0	10
2026.07.23	05:33:00	4115.52	4116.73	4113.79	4114.59	624	0	8
2026.07.23	05:34:00	4114.69	4117.03	4114.63	4116.46	423	0	9
2026.07.23	05:35:00	4116.46	4117.54	4115.00	4115.08	513	0	9
2026.07.23	05:36:00	4115.03	4117.20	4114.83	4116.75	558	0	14
2026.07.23	05:37:00	4116.75	4117.73	4116.37	4116.50	452	0	13
2026.07.23	05:38:00	4116.43	4116.82	4115.64	4116.70	495	0	22
2026.07.23	05:39:00	4116.54	4118.90	4116.24	4118.74	405	0	16
2026.07.23	05:40:00	4118.92	4119.61	4118.30	4118.55	460	0	14
2026.07.23	05:41:00	4118.54	4120.07	4117.86	4119.54	538	0	10
2026.07.23	05:42:00	4119.49	4120.25	4119.23	4119.37	439	0	13
2026.07.23	05:43:00	4119.37	4121.70	4119.36	4121.25	481	0	9
2026.07.23	05:44:00	4121.23	4122.30	4121.03	4122.15	446	0	8
2026.07.23	05:45:00	4122.16	4125.39	4122.10	4124.24	579	0	8
2026.07.23	05:46:00	4124.16	4125.44	4123.38	4125.12	587	0	9
2026.07.23	05:47:00	4125.13	4125.57	4124.51	4125.04	529	0	8
2026.07.23	05:48:00	4125.09	4125.20	4123.28	4124.32	451	0	10
2026.07.23	05:49:00	4124.35	4124.78	4122.57	4122.68	481	0	7
2026.07.23	05:50:00	4122.55	4123.01	4121.30	4122.34	399	0	8
2026.07.23	05:51:00	4122.43	4125.69	4121.97	4125.69	488	0	8
2026.07.23	05:52:00	4125.63	4125.99	4124.44	4125.01	402	0	8
2026.07.23	05:53:00	4125.02	4128.62	4125.02	4126.37	489	0	8
2026.07.23	05:54:00	4126.39	4126.91	4125.05	4125.26	379	0	11
2026.07.23	05:55:00	4125.37	4126.30	4124.95	4126.28	356	0	12
2026.07.23	05:56:00	4126.33	4126.69	4125.94	4126.31	282	0	14
2026.07.23	05:57:00	4126.31	4127.48	4126.20	4127.32	340	0	15
2026.07.23	05:58:00	4127.31	4128.54	4127.13	4127.96	356	0	8
2026.07.23	05:59:00	4127.96	4128.14	4127.19	4128.05	376	0	10
2026.07.23	06:00:00	4128.10	4129.09	4127.28	4128.12	487	0	8
2026.07.23	06:01:00	4128.23	4128.32	4126.63	4127.15	425	0	23
2026.07.23	06:02:00	4127.17	4127.90	4126.95	4127.86	291	0	13
2026.07.23	06:03:00	4127.86	4128.26	4125.93	4126.31	360	0	10
2026.07.23	06:04:00	4126.46	4127.12	4126.17	4126.18	415	0	13
2026.07.23	06:05:00	4126.20	4126.34	4124.97	4125.14	432	0	20
2026.07.23	06:06:00	4125.13	4127.61	4125.06	4126.88	427	0	7
2026.07.23	06:07:00	4126.85	4127.05	4125.96	4126.55	475	0	22
2026.07.23	06:08:00	4126.55	4126.77	4125.22	4125.49	361	0	12
2026.07.23	06:09:00	4125.53	4125.98	4124.46	4125.06	450	0	7
2026.07.23	06:10:00	4125.05	4125.92	4123.97	4125.16	455	0	12
2026.07.23	06:11:00	4125.17	4126.09	4124.66	4125.91	398	0	12
2026.07.23	06:12:00	4125.91	4125.91	4124.68	4124.83	312	0	13
2026.07.23	06:13:00	4124.83	4125.89	4124.83	4125.81	335	0	8
2026.07.23	06:14:00	4125.81	4127.53	4125.21	4127.34	352	0	8
2026.07.23	06:15:00	4127.34	4127.72	4126.60	4127.34	273	0	8
2026.07.23	06:16:00	4127.34	4129.13	4126.96	4128.70	328	0	8
2026.07.23	06:17:00	4128.70	4129.82	4128.70	4129.09	324	0	8
2026.07.23	06:18:00	4129.06	4130.90	4128.88	4130.42	274	0	8
2026.07.23	06:19:00	4130.42	4131.18	4129.70	4131.06	352	0	8
2026.07.23	06:20:00	4131.06	4131.55	4130.61	4131.48	377	0	9
2026.07.23	06:21:00	4131.48	4132.03	4131.12	4131.30	327	0	7
2026.07.23	06:22:00	4131.28	4133.03	4131.12	4132.63	353	0	10
2026.07.23	06:23:00	4132.63	4132.70	4132.12	4132.53	361	0	8
2026.07.23	06:24:00	4132.54	4132.95	4131.47	4132.62	397	0	12
2026.07.23	06:25:00	4132.62	4132.62	4130.95	4131.03	430	0	13
2026.07.23	06:26:00	4131.00	4131.85	4130.94	4131.37	326	0	13
2026.07.23	06:27:00	4131.37	4131.37	4129.73	4129.84	396	0	14
2026.07.23	06:28:00	4129.84	4130.57	4129.45	4130.55	291	0	13
2026.07.23	06:29:00	4130.55	4130.78	4130.14	4130.54	353	0	10
2026.07.23	06:30:00	4130.53	4130.55	4128.25	4130.01	430	0	10
2026.07.23	06:31:00	4129.92	4130.35	4129.06	4129.06	313	0	17
2026.07.23	06:32:00	4129.06	4129.75	4129.04	4129.45	270	0	15
2026.07.23	06:33:00	4129.45	4129.84	4129.30	4129.58	260	0	21
2026.07.23	06:34:00	4129.55	4130.34	4129.35	4130.27	344	0	13
2026.07.23	06:35:00	4130.27	4130.34	4129.73	4130.34	253	0	20
2026.07.23	06:36:00	4130.32	4131.10	4129.14	4129.37	280	0	20
2026.07.23	06:37:00	4129.43	4129.54	4128.59	4128.87	303	0	20
2026.07.23	06:38:00	4128.89	4129.30	4128.67	4129.07	234	0	21
2026.07.23	06:39:00	4129.07	4129.46	4128.55	4129.39	224	0	20
2026.07.23	06:40:00	4129.28	4129.90	4129.18	4129.42	219	0	14
2026.07.23	06:41:00	4129.26	4130.28	4128.96	4129.30	313	0	17
2026.07.23	06:42:00	4129.31	4129.74	4126.55	4126.55	349	0	8
2026.07.23	06:43:00	4126.62	4127.46	4125.75	4126.87	375	0	14
2026.07.23	06:44:00	4126.92	4129.15	4126.41	4128.75	299	0	8
2026.07.23	06:45:00	4128.80	4128.83	4127.69	4127.93	247	0	21
2026.07.23	06:46:00	4127.93	4128.38	4126.26	4126.36	284	0	18
2026.07.23	06:47:00	4126.36	4126.48	4125.47	4125.67	353	0	9
2026.07.23	06:48:00	4125.67	4125.76	4125.11	4125.25	322	0	22
2026.07.23	06:49:00	4125.32	4125.79	4125.08	4125.48	271	0	23
2026.07.23	06:50:00	4125.51	4125.95	4125.08	4125.56	239	0	19
2026.07.23	06:51:00	4125.54	4125.78	4124.98	4125.05	228	0	22
2026.07.23	06:52:00	4125.05	4125.81	4124.97	4125.68	245	0	15
2026.07.23	06:53:00	4125.71	4125.86	4125.27	4125.81	137	0	22
2026.07.23	06:54:00	4125.81	4126.13	4125.38	4125.79	179	0	21
2026.07.23	06:55:00	4125.77	4125.89	4125.28	4125.51	195	0	21
2026.07.23	06:56:00	4125.50	4125.58	4124.23	4124.45	300	0	17
2026.07.23	06:57:00	4124.45	4126.15	4124.43	4125.66	285	0	17
2026.07.23	06:58:00	4125.66	4125.85	4125.00	4125.06	204	0	20
2026.07.23	06:59:00	4125.05	4125.05	4124.12	4124.74	268	0	8
2026.07.23	07:00:00	4124.60	4125.20	4123.93	4124.15	289	0	13
2026.07.23	07:01:00	4124.15	4124.71	4124.15	4124.52	210	0	17
2026.07.23	07:02:00	4124.53	4125.05	4124.04	4124.30	204	0	13
2026.07.23	07:03:00	4124.30	4124.48	4122.79	4122.93	258	0	10
2026.07.23	07:04:00	4122.92	4123.77	4122.59	4123.74	241	0	22
2026.07.23	07:05:00	4123.75	4123.76	4122.51	4123.10	328	0	14
2026.07.23	07:06:00	4123.14	4123.31	4122.53	4123.28	236	0	9
2026.07.23	07:07:00	4123.27	4124.72	4123.02	4124.48	292	0	20
2026.07.23	07:08:00	4124.51	4125.65	4124.50	4125.53	381	0	8
2026.07.23	07:09:00	4125.55	4125.62	4124.77	4125.30	361	0	12
2026.07.23	07:10:00	4125.34	4125.72	4124.03	4124.43	359	0	13
2026.07.23	07:11:00	4124.49	4125.03	4124.01	4124.13	308	0	22
2026.07.23	07:12:00	4124.15	4125.31	4123.96	4125.31	325	0	17
2026.07.23	07:13:00	4125.31	4127.09	4125.31	4127.06	425	0	21
2026.07.23	07:14:00	4127.06	4127.70	4126.74	4127.68	358	0	8
2026.07.23	07:15:00	4127.68	4128.35	4127.23	4127.61	416	0	8
2026.07.23	07:16:00	4127.60	4127.96	4126.25	4126.31	399	0	18
2026.07.23	07:17:00	4126.31	4126.71	4125.23	4125.65	280	0	21
2026.07.23	07:18:00	4125.63	4125.92	4125.02	4125.88	256	0	21
2026.07.23	07:19:00	4125.96	4126.33	4125.12	4125.40	302	0	14
2026.07.23	07:20:00	4125.42	4126.58	4125.40	4126.19	270	0	15
2026.07.23	07:21:00	4126.19	4127.61	4126.07	4127.48	231	0	15
2026.07.23	07:22:00	4127.48	4129.11	4127.31	4129.10	246	0	10
2026.07.23	07:23:00	4129.09	4129.27	4128.34	4128.72	338	0	12
2026.07.23	07:24:00	4128.74	4128.81	4127.77	4128.11	242	0	18
2026.07.23	07:25:00	4128.11	4129.13	4127.62	4128.67	337	0	9
2026.07.23	07:26:00	4128.67	4129.04	4128.20	4128.74	282	0	16
2026.07.23	07:27:00	4128.74	4128.83	4128.47	4128.70	247	0	22
2026.07.23	07:28:00	4128.69	4128.75	4128.05	4128.22	191	0	22
2026.07.23	07:29:00	4128.22	4129.86	4127.23	4129.80	327	0	21
2026.07.23	07:30:00	4129.75	4130.49	4127.49	4127.81	361	0	8
2026.07.23	07:31:00	4127.81	4128.05	4125.81	4126.14	304	0	8
2026.07.23	07:32:00	4126.23	4126.48	4125.61	4126.18	350	0	22
2026.07.23	07:33:00	4126.16	4126.92	4125.74	4126.16	392	0	14
2026.07.23	07:34:00	4126.15	4127.25	4126.03	4126.92	176	0	21
2026.07.23	07:35:00	4126.91	4127.23	4126.42	4126.75	259	0	19
2026.07.23	07:36:00	4126.86	4127.32	4126.66	4127.23	281	0	22
2026.07.23	07:37:00	4127.23	4127.39	4126.94	4127.15	169	0	9
2026.07.23	07:38:00	4127.17	4127.30	4126.37	4126.85	295	0	8
2026.07.23	07:39:00	4126.86	4127.16	4125.70	4125.79	216	0	10
2026.07.23	07:40:00	4125.79	4125.84	4124.62	4124.67	261	0	9
2026.07.23	07:41:00	4124.66	4125.19	4123.63	4123.79	230	0	8
2026.07.23	07:42:00	4123.78	4124.13	4123.38	4123.94	330	0	8
2026.07.23	07:43:00	4123.94	4123.97	4123.48	4123.80	159	0	8
2026.07.23	07:44:00	4123.80	4124.17	4123.13	4123.15	244	0	8
2026.07.23	07:45:00	4123.19	4123.34	4121.51	4123.12	319	0	11
2026.07.23	07:46:00	4123.15	4123.78	4122.97	4123.25	296	0	15
2026.07.23	07:47:00	4123.25	4124.33	4123.11	4124.28	191	0	13
2026.07.23	07:48:00	4124.23	4124.23	4121.88	4122.70	310	0	19
2026.07.23	07:49:00	4122.70	4122.72	4121.81	4121.86	316	0	20
2026.07.23	07:50:00	4121.90	4122.67	4121.76	4122.17	202	0	13
2026.07.23	07:51:00	4122.18	4122.40	4121.61	4121.70	214	0	13
2026.07.23	07:52:00	4121.72	4121.98	4120.28	4120.28	238	0	21
2026.07.23	07:53:00	4120.28	4121.16	4120.12	4121.01	265	0	22
2026.07.23	07:54:00	4121.01	4121.52	4120.53	4120.79	293	0	14
2026.07.23	07:55:00	4120.77	4121.16	4120.20	4120.29	265	0	21
2026.07.23	07:56:00	4120.29	4120.58	4119.94	4120.51	226	0	21
2026.07.23	07:57:00	4120.58	4121.12	4120.13	4121.11	213	0	21
2026.07.23	07:58:00	4121.13	4121.50	4120.69	4121.40	248	0	14
2026.07.23	07:59:00	4121.22	4121.57	4121.06	4121.21	243	0	21
2026.07.23	08:00:00	4121.20	4122.62	4120.86	4121.25	461	0	8
2026.07.23	08:01:00	4121.24	4122.23	4119.97	4120.52	311	0	8
2026.07.23	08:02:00	4120.51	4120.99	4119.86	4120.68	356	0	19
2026.07.23	08:03:00	4120.68	4120.93	4119.52	4120.01	340	0	16
2026.07.23	08:04:00	4119.99	4120.41	4119.43	4120.40	302	0	19
2026.07.23	08:05:00	4120.40	4121.07	4120.39	4120.55	301	0	22
2026.07.23	08:06:00	4120.64	4121.55	4120.35	4121.43	183	0	12
2026.07.23	08:07:00	4121.43	4123.82	4121.41	4123.37	314	0	21
2026.07.23	08:08:00	4123.39	4124.24	4123.09	4123.80	333	0	10
2026.07.23	08:09:00	4123.80	4124.33	4123.13	4124.19	270	0	18
2026.07.23	08:10:00	4124.17	4124.54	4123.73	4124.12	380	0	20
2026.07.23	08:11:00	4124.11	4124.83	4123.76	4124.43	309	0	9
2026.07.23	08:12:00	4124.44	4124.69	4123.45	4124.55	321	0	15
2026.07.23	08:13:00	4124.52	4124.79	4124.03	4124.41	216	0	21
2026.07.23	08:14:00	4124.43	4124.98	4124.30	4124.37	226	0	22
2026.07.23	08:15:00	4124.37	4124.37	4121.92	4122.75	328	0	16
2026.07.23	08:16:00	4122.75	4122.75	4121.62	4122.02	295	0	16
2026.07.23	08:17:00	4122.02	4122.47	4121.50	4122.36	212	0	23
2026.07.23	08:18:00	4122.34	4123.27	4121.72	4122.98	266	0	16
2026.07.23	08:19:00	4123.01	4123.14	4121.20	4122.06	297	0	13
2026.07.23	08:20:00	4122.06	4122.48	4121.67	4122.32	289	0	19
2026.07.23	08:21:00	4122.32	4122.39	4121.89	4121.97	201	0	17
2026.07.23	08:22:00	4121.95	4122.81	4120.99	4121.08	285	0	19
2026.07.23	08:23:00	4121.08	4121.09	4119.76	4120.17	332	0	14
2026.07.23	08:24:00	4120.06	4121.58	4119.85	4121.43	342	0	10
2026.07.23	08:25:00	4121.43	4121.96	4121.14	4121.39	327	0	21
2026.07.23	08:26:00	4121.37	4123.01	4121.33	4123.01	364	0	8
2026.07.23	08:27:00	4123.01	4123.46	4122.76	4123.23	312	0	22
2026.07.23	08:28:00	4123.23	4123.62	4123.04	4123.18	252	0	16
2026.07.23	08:29:00	4123.20	4125.63	4123.16	4125.63	285	0	9
2026.07.23	08:30:00	4125.63	4128.28	4123.35	4127.73	718	0	13
2026.07.23	08:31:00	4127.74	4128.46	4126.74	4128.04	567	0	15
2026.07.23	08:32:00	4128.02	4128.02	4124.70	4125.73	534	0	7
2026.07.23	08:33:00	4125.72	4127.56	4125.47	4127.12	469	0	15
2026.07.23	08:34:00	4127.14	4128.06	4126.92	4127.54	358	0	8
2026.07.23	08:35:00	4127.52	4128.11	4126.29	4127.42	479	0	17
2026.07.23	08:36:00	4127.42	4128.10	4127.21	4127.30	369	0	15
2026.07.23	08:37:00	4127.22	4128.49	4126.46	4127.20	368	0	13
2026.07.23	08:38:00	4127.23	4127.90	4126.76	4126.90	301	0	9
2026.07.23	08:39:00	4126.97	4127.41	4126.14	4126.26	384	0	8
2026.07.23	08:40:00	4126.24	4126.88	4124.79	4125.48	525	0	14
2026.07.23	08:41:00	4125.43	4126.45	4124.57	4125.86	426	0	9
2026.07.23	08:42:00	4125.86	4126.12	4124.88	4125.40	459	0	15
2026.07.23	08:43:00	4125.41	4126.18	4124.91	4125.40	448	0	14
2026.07.23	08:44:00	4125.39	4127.75	4125.38	4127.65	448	0	10
2026.07.23	08:45:00	4127.67	4128.60	4127.09	4127.67	421	0	9
2026.07.23	08:46:00	4127.66	4129.54	4127.57	4129.53	444	0	8
2026.07.23	08:47:00	4129.42	4130.51	4128.76	4129.05	477	0	13
2026.07.23	08:48:00	4129.05	4129.05	4126.45	4126.73	513	0	21
2026.07.23	08:49:00	4126.73	4127.07	4126.12	4126.56	371	0	9
2026.07.23	08:50:00	4126.63	4126.66	4124.09	4124.42	505	0	9
2026.07.23	08:51:00	4124.42	4125.30	4124.08	4125.30	446	0	13
2026.07.23	08:52:00	4125.35	4127.56	4124.98	4127.08	376	0	8
2026.07.23	08:53:00	4127.06	4127.16	4126.10	4126.41	351	0	14
2026.07.23	08:54:00	4126.41	4126.78	4125.13	4125.23	423	0	17
2026.07.23	08:55:00	4125.22	4125.34	4122.27	4122.76	452	0	12
2026.07.23	08:56:00	4122.76	4123.02	4121.11	4121.65	431	0	10
2026.07.23	08:57:00	4121.65	4121.65	4120.61	4121.20	414	0	14
2026.07.23	08:58:00	4121.09	4122.60	4121.09	4122.42	430	0	8
2026.07.23	08:59:00	4122.38	4124.36	4122.28	4124.05	356	0	8
2026.07.23	09:00:00	4124.01	4127.57	4124.01	4127.02	512	0	9
2026.07.23	09:01:00	4127.00	4128.17	4125.93	4126.32	513	0	17
2026.07.23	09:02:00	4126.30	4126.64	4123.33	4124.71	599	0	10
2026.07.23	09:03:00	4124.74	4126.21	4124.40	4125.71	567	0	9
2026.07.23	09:04:00	4125.68	4125.98	4123.87	4124.05	648	0	8
2026.07.23	09:05:00	4124.04	4124.84	4122.26	4123.22	709	0	8
2026.07.23	09:06:00	4123.20	4123.48	4122.09	4122.65	512	0	10
2026.07.23	09:07:00	4122.65	4122.65	4121.08	4122.33	507	0	23
2026.07.23	09:08:00	4122.31	4122.79	4121.80	4122.63	477	0	14
2026.07.23	09:09:00	4122.63	4124.09	4122.29	4122.42	570	0	12
2026.07.23	09:10:00	4122.42	4123.96	4122.33	4123.79	415	0	19
2026.07.23	09:11:00	4123.82	4124.23	4123.25	4123.69	387	0	15
2026.07.23	09:12:00	4123.87	4124.42	4121.76	4123.28	541	0	13
2026.07.23	09:13:00	4123.28	4123.77	4122.92	4123.58	365	0	23
2026.07.23	09:14:00	4123.60	4123.97	4122.91	4123.19	362	0	17
2026.07.23	09:15:00	4123.19	4123.66	4122.43	4123.28	380	0	17
2026.07.23	09:16:00	4123.26	4124.27	4122.82	4124.02	364	0	10
2026.07.23	09:17:00	4124.02	4125.72	4123.58	4125.29	302	0	10
2026.07.23	09:18:00	4125.29	4126.62	4125.29	4126.12	287	0	9
2026.07.23	09:19:00	4126.04	4127.74	4126.04	4126.89	402	0	9
2026.07.23	09:20:00	4126.91	4127.21	4125.09	4125.19	438	0	17
2026.07.23	09:21:00	4125.20	4126.16	4124.83	4125.31	435	0	16
2026.07.23	09:22:00	4125.31	4125.33	4123.36	4124.25	403	0	17
2026.07.23	09:23:00	4124.25	4124.95	4123.75	4124.45	330	0	15
2026.07.23	09:24:00	4124.49	4125.11	4124.43	4124.81	237	0	19
2026.07.23	09:25:00	4124.81	4124.87	4123.10	4123.20	355	0	15
2026.07.23	09:26:00	4123.13	4123.15	4122.35	4122.83	272	0	23
2026.07.23	09:27:00	4122.81	4123.85	4121.25	4123.62	463	0	9
2026.07.23	09:28:00	4123.63	4123.72	4122.04	4122.05	436	0	12
2026.07.23	09:29:00	4122.04	4122.37	4121.23	4122.07	567	0	12
2026.07.23	09:30:00	4122.07	4123.01	4121.39	4122.66	557	0	10
2026.07.23	09:31:00	4122.68	4122.93	4120.94	4121.02	433	0	14
2026.07.23	09:32:00	4121.02	4122.05	4120.54	4121.31	441	0	19
2026.07.23	09:33:00	4121.12	4121.94	4120.85	4121.81	401	0	10
2026.07.23	09:34:00	4121.81	4122.74	4120.67	4122.40	516	0	9
2026.07.23	09:35:00	4122.36	4123.16	4122.07	4122.21	398	0	8
2026.07.23	09:36:00	4122.21	4123.18	4122.20	4122.74	434	0	9
2026.07.23	09:37:00	4122.73	4123.85	4122.57	4123.18	391	0	10
2026.07.23	09:38:00	4123.15	4123.24	4121.36	4122.78	470	0	16
2026.07.23	09:39:00	4122.81	4123.00	4120.73	4120.78	413	0	11
2026.07.23	09:40:00	4120.80	4120.83	4117.95	4117.99	515	0	7
2026.07.23	09:41:00	4118.02	4118.67	4116.91	4118.67	537	0	8
2026.07.23	09:42:00	4118.80	4119.50	4118.34	4118.73	454	0	20
2026.07.23	09:43:00	4118.72	4120.65	4118.50	4120.65	363	0	21
2026.07.23	09:44:00	4120.53	4121.41	4119.74	4119.96	377	0	17
2026.07.23	09:45:00	4119.97	4121.99	4119.05	4121.49	485	0	9
2026.07.23	09:46:00	4121.47	4121.88	4120.88	4121.35	327	0	8
2026.07.23	09:47:00	4121.34	4121.87	4120.62	4120.78	280	0	8
2026.07.23	09:48:00	4120.79	4121.73	4120.40	4121.66	319	0	8
2026.07.23	09:49:00	4121.66	4122.32	4121.49	4121.70	325	0	9
2026.07.23	09:50:00	4121.65	4121.99	4121.26	4121.95	332	0	14
2026.07.23	09:51:00	4121.95	4122.02	4121.05	4121.07	342	0	17
2026.07.23	09:52:00	4121.07	4121.22	4119.71	4120.67	400	0	12
2026.07.23	09:53:00	4120.70	4121.23	4120.27	4120.95	349	0	16
2026.07.23	09:54:00	4120.93	4121.15	4119.60	4120.21	415	0	11
2026.07.23	09:55:00	4120.22	4120.43	4119.30	4119.62	353	0	18
2026.07.23	09:56:00	4119.64	4120.32	4119.32	4119.54	343	0	12
2026.07.23	09:57:00	4119.57	4120.05	4119.29	4119.54	306	0	15
2026.07.23	09:58:00	4119.58	4119.68	4117.70	4118.12	581	0	10
2026.07.23	09:59:00	4118.11	4119.12	4117.98	4118.51	313	0	8
2026.07.23	10:00:00	4118.52	4119.40	4116.00	4117.39	686	0	8
2026.07.23	10:01:00	4117.57	4117.97	4113.90	4114.44	639	0	9
2026.07.23	10:02:00	4114.44	4115.90	4114.10	4115.60	502	0	8
2026.07.23	10:03:00	4115.62	4116.27	4115.14	4115.81	536	0	11
2026.07.23	10:04:00	4115.81	4116.59	4113.91	4115.26	561	0	11
2026.07.23	10:05:00	4115.27	4116.30	4114.78	4115.68	560	0	13
2026.07.23	10:06:00	4115.69	4115.79	4113.01	4113.24	493	0	9
2026.07.23	10:07:00	4113.24	4113.74	4111.59	4112.18	573	0	9
2026.07.23	10:08:00	4112.16	4113.00	4111.47	4111.97	458	0	13
2026.07.23	10:09:00	4112.04	4112.21	4109.46	4110.46	556	0	16
2026.07.23	10:10:00	4110.47	4110.49	4106.58	4106.86	536	0	8
2026.07.23	10:11:00	4106.85	4107.04	4104.99	4105.13	496	0	9
2026.07.23	10:12:00	4105.13	4105.48	4101.93	4102.98	618	0	8
2026.07.23	10:13:00	4102.99	4104.21	4102.03	4103.23	640	0	15
2026.07.23	10:14:00	4103.22	4107.39	4102.65	4106.69	600	0	19
2026.07.23	10:15:00	4106.68	4108.37	4106.51	4107.92	466	0	15
2026.07.23	10:16:00	4107.93	4111.84	4106.84	4111.71	445	0	9
2026.07.23	10:17:00	4111.71	4112.03	4109.10	4110.33	527	0	8
2026.07.23	10:18:00	4110.40	4111.28	4108.37	4109.77	458	0	7
2026.07.23	10:19:00	4109.77	4111.27	4108.84	4109.47	396	0	8
2026.07.23	10:20:00	4109.47	4109.83	4107.81	4108.84	502	0	8
2026.07.23	10:21:00	4108.74	4109.63	4108.04	4108.84	495	0	8
2026.07.23	10:22:00	4108.99	4109.72	4107.82	4108.63	554	0	10
2026.07.23	10:23:00	4108.63	4109.34	4107.79	4108.44	465	0	12
2026.07.23	10:24:00	4108.46	4108.56	4105.50	4105.67	427	0	9
2026.07.23	10:25:00	4105.67	4109.37	4105.67	4109.11	558	0	12
2026.07.23	10:26:00	4109.08	4110.14	4108.32	4110.10	406	0	7
2026.07.23	10:27:00	4110.13	4110.59	4109.50	4109.54	451	0	18
2026.07.23	10:28:00	4109.54	4109.55	4107.64	4107.78	429	0	14
2026.07.23	10:29:00	4107.80	4108.91	4107.59	4108.39	456	0	11
2026.07.23	10:30:00	4108.39	4108.81	4103.60	4103.68	550	0	22
2026.07.23	10:31:00	4103.68	4104.64	4102.88	4103.16	522	0	11
2026.07.23	10:32:00	4103.17	4103.85	4102.06	4103.62	471	0	14
2026.07.23	10:33:00	4103.61	4106.53	4103.38	4106.53	454	0	12
2026.07.23	10:34:00	4106.54	4106.57	4105.01	4105.21	387	0	15
2026.07.23	10:35:00	4105.26	4105.60	4102.07	4103.42	471	0	8
2026.07.23	10:36:00	4103.35	4104.90	4103.11	4104.61	397	0	20
2026.07.23	10:37:00	4104.62	4104.71	4102.72	4103.28	391	0	8
2026.07.23	10:38:00	4103.27	4103.95	4100.41	4101.57	454	0	8
2026.07.23	10:39:00	4101.57	4101.87	4099.41	4100.73	393	0	7
2026.07.23	10:40:00	4100.73	4102.00	4100.06	4101.14	350	0	8
2026.07.23	10:41:00	4101.14	4101.86	4099.41	4099.45	390	0	9
2026.07.23	10:42:00	4099.45	4100.04	4093.81	4094.09	553	0	8
2026.07.23	10:43:00	4094.13	4096.29	4091.25	4096.17	580	0	8
2026.07.23	10:44:00	4096.15	4096.66	4094.60	4095.48	442	0	8
2026.07.23	10:45:00	4095.53	4096.82	4094.42	4095.08	524	0	19
2026.07.23	10:46:00	4095.08	4095.09	4092.24	4094.75	480	0	9
2026.07.23	10:47:00	4094.72	4094.81	4091.12	4092.15	549	0	8
2026.07.23	10:48:00	4092.13	4095.30	4091.67	4095.19	569	0	8
2026.07.23	10:49:00	4095.19	4095.25	4091.73	4093.06	483	0	12
2026.07.23	10:50:00	4093.06	4094.83	4091.28	4094.81	478	0	8
2026.07.23	10:51:00	4094.79	4095.11	4093.09	4093.09	468	0	7
2026.07.23	10:52:00	4093.19	4094.12	4092.26	4092.71	492	0	8
2026.07.23	10:53:00	4092.71	4092.85	4089.98	4091.35	424	0	8
2026.07.23	10:54:00	4091.17	4094.03	4090.94	4093.36	571	0	7
2026.07.23	10:55:00	4093.43	4096.80	4092.16	4095.70	577	0	8
2026.07.23	10:56:00	4095.72	4096.04	4094.15	4095.81	578	0	8
2026.07.23	10:57:00	4095.84	4096.94	4094.13	4094.13	531	0	8
2026.07.23	10:58:00	4094.16	4095.17	4093.29	4094.11	576	0	9
2026.07.23	10:59:00	4094.05	4095.42	4094.05	4095.38	462	0	14
2026.07.23	11:00:00	4095.37	4097.33	4092.29	4092.35	631	0	8
2026.07.23	11:01:00	4092.35	4092.45	4090.08	4090.75	557	0	7
2026.07.23	11:02:00	4090.75	4092.76	4090.67	4091.85	535	0	10
2026.07.23	11:03:00	4091.85	4094.49	4091.25	4093.14	492	0	7
2026.07.23	11:04:00	4093.16	4093.29	4090.73	4092.54	399	0	8
2026.07.23	11:05:00	4092.67	4093.65	4092.22	4093.28	495	0	9
2026.07.23	11:06:00	4093.28	4094.10	4092.82	4093.11	419	0	8
2026.07.23	11:07:00	4093.09	4095.91	4093.09	4095.54	443	0	8
2026.07.23	11:08:00	4095.40	4095.49	4093.64	4093.89	346	0	10
2026.07.23	11:09:00	4093.94	4096.18	4093.36	4096.08	289	0	8
2026.07.23	11:10:00	4096.07	4097.73	4094.68	4094.83	484	0	12
2026.07.23	11:11:00	4094.83	4095.00	4093.76	4094.78	441	0	16
2026.07.23	11:12:00	4094.77	4095.87	4094.23	4094.71	456	0	10
2026.07.23	11:13:00	4094.68	4094.69	4092.99	4093.21	413	0	11
2026.07.23	11:14:00	4093.21	4093.54	4090.23	4091.46	456	0	7
2026.07.23	11:15:00	4091.45	4092.46	4091.39	4091.75	449	0	11
2026.07.23	11:16:00	4091.75	4092.46	4090.46	4092.05	548	0	13
2026.07.23	11:17:00	4092.01	4092.40	4091.30	4092.13	379	0	18
2026.07.23	11:18:00	4092.13	4092.21	4090.50	4091.47	360	0	10
2026.07.23	11:19:00	4091.47	4091.51	4089.47	4089.68	432	0	11
2026.07.23	11:20:00	4089.64	4091.05	4089.48	4090.58	399	0	10
2026.07.23	11:21:00	4090.71	4090.73	4088.38	4089.36	398	0	8
2026.07.23	11:22:00	4089.33	4091.58	4089.24	4091.24	243	0	8
2026.07.23	11:23:00	4091.24	4091.55	4089.57	4090.07	294	0	8
2026.07.23	11:24:00	4090.07	4091.17	4089.62	4090.60	400	0	9
2026.07.23	11:25:00	4090.55	4090.81	4090.04	4090.20	306	0	14
2026.07.23	11:26:00	4090.18	4091.28	4088.98	4091.19	413	0	13
2026.07.23	11:27:00	4091.19	4091.34	4090.61	4091.12	274	0	8
2026.07.23	11:28:00	4091.21	4092.04	4090.17	4090.55	378	0	11
2026.07.23	11:29:00	4090.55	4092.09	4090.29	4091.91	468	0	14
2026.07.23	11:30:00	4091.83	4091.83	4090.35	4090.94	441	0	13
2026.07.23	11:31:00	4090.91	4091.38	4089.87	4090.69	415	0	12
2026.07.23	11:32:00	4090.69	4090.83	4089.96	4090.39	498	0	16
2026.07.23	11:33:00	4090.39	4091.85	4089.93	4091.79	364	0	14
2026.07.23	11:34:00	4091.84	4093.42	4091.30	4092.66	328	0	8
2026.07.23	11:35:00	4092.47	4093.70	4091.10	4091.48	376	0	7
2026.07.23	11:36:00	4091.66	4092.97	4091.34	4092.70	298	0	19
2026.07.23	11:37:00	4092.67	4092.91	4090.99	4091.26	281	0	18
2026.07.23	11:38:00	4091.26	4092.25	4090.67	4092.24	372	0	9
2026.07.23	11:39:00	4092.24	4092.81	4091.64	4091.98	365	0	8
2026.07.23	11:40:00	4091.98	4092.25	4090.19	4090.34	416	0	14
2026.07.23	11:41:00	4090.29	4091.40	4089.01	4089.13	441	0	9
2026.07.23	11:42:00	4089.17	4090.87	4088.58	4090.87	407	0	7
2026.07.23	11:43:00	4090.89	4092.60	4090.89	4091.33	458	0	8
2026.07.23	11:44:00	4091.34	4092.66	4090.80	4092.42	400	0	12
2026.07.23	11:45:00	4092.42	4092.42	4090.92	4091.15	288	0	8
2026.07.23	11:46:00	4091.14	4091.65	4090.71	4091.37	366	0	10
2026.07.23	11:47:00	4091.35	4091.49	4089.44	4089.44	427	0	8
2026.07.23	11:48:00	4089.48	4089.75	4087.02	4088.90	410	0	11
2026.07.23	11:49:00	4088.96	4090.92	4088.85	4089.48	444	0	11
2026.07.23	11:50:00	4089.46	4090.36	4088.15	4090.12	433	0	7
2026.07.23	11:51:00	4090.12	4090.81	4089.63	4090.44	322	0	9
2026.07.23	11:52:00	4090.34	4090.55	4088.63	4088.64	384	0	16
2026.07.23	11:53:00	4088.64	4090.94	4088.60	4090.74	371	0	12
2026.07.23	11:54:00	4090.68	4093.00	4090.34	4092.87	351	0	13
